Demand,units
28.431,GW
27.496,GW
25.986,GW
24.578,GW
23.607,GW
23.178,GW
23.285,GW
23.717,GW
23.556,GW
24.172,GW
26.157,GW
27.799,GW
28.704,GW
29.352,GW
28.996,GW
27.516,GW
26.959,GW
27.453,GW
30.654,GW
32.803,GW
34.105,GW
34.521,GW
33.511,GW
31.237,GW
28.264,GW
25.959,GW
24.454,GW
23.772,GW
23.557,GW
24.421,GW
27.302,GW
31.502,GW
35.382,GW
38.907,GW
41.229,GW
41.628,GW
41.293,GW
41.092,GW
40.142,GW
39.205,GW
38.506,GW
38.803,GW
41.225,GW
42.41,GW
43.021,GW
42.689,GW
40.211,GW
36.725,GW
33.34,GW
30.262,GW
28.57,GW
27.672,GW
27.46,GW
28.049,GW
30.517,GW
34.486,GW
38.616,GW
41.935,GW
43.481,GW
43.545,GW
43.046,GW
42.485,GW
41.332,GW
40.548,GW
40.167,GW
40.59,GW
42.697,GW
43.872,GW
44.354,GW
43.844,GW
41.229,GW
37.785,GW
34.221,GW
31.148,GW
29.497,GW
28.61,GW
28.346,GW
28.845,GW
31.257,GW
35.262,GW
39.145,GW
42.59,GW
44.254,GW
44.205,GW
43.494,GW
42.837,GW
41.371,GW
40.485,GW
39.944,GW
40.103,GW
42.3,GW
43.517,GW
43.728,GW
43.105,GW
40.886,GW
38.013,GW
35.074,GW
32.053,GW
29.875,GW
28.623,GW
28.17,GW
27.974,GW
28.548,GW
30.118,GW
31.846,GW
34.825,GW
37.793,GW
38.365,GW
37.85,GW
37.628,GW
36.908,GW
35.694,GW
34.898,GW
34.815,GW
37.07,GW
38.245,GW
39.045,GW
39.225,GW
37.937,GW
35.971,GW
33.33,GW
30.457,GW
28.323,GW
27.094,GW
26.416,GW
26.232,GW
26.49,GW
27.382,GW
28.234,GW
30.433,GW
33.032,GW
34.181,GW
34.05,GW
33.841,GW
32.971,GW
31.474,GW
30.817,GW
31.05,GW
34.247,GW
36.745,GW
38.156,GW
38.63,GW
37.728,GW
35.164,GW
31.923,GW
29.349,GW
27.773,GW
27.038,GW
26.818,GW
27.525,GW
29.76,GW
33.295,GW
36.404,GW
39.353,GW
41.525,GW
42.07,GW
41.648,GW
41.438,GW
40.523,GW
39.767,GW
39.006,GW
39.231,GW
41.965,GW
44.005,GW
45.192,GW
44.638,GW
41.853,GW
38.08,GW
34.858,GW
31.903,GW
30.292,GW
29.476,GW
29.472,GW
30.29,GW
33.31,GW
38.803,GW
43,GW
45.151,GW
46.325,GW
46.062,GW
45.591,GW
44.947,GW
43.562,GW
43.026,GW
42.542,GW
42.801,GW
45.192,GW
46.99,GW
47.796,GW
46.971,GW
43.684,GW
39.607,GW
36.084,GW
33.014,GW
31.189,GW
30.507,GW
30.295,GW
30.913,GW
33.777,GW
39.079,GW
43.191,GW
45.075,GW
45.908,GW
45.482,GW
44.947,GW
44.402,GW
43.059,GW
42.525,GW
42.151,GW
42.484,GW
44.915,GW
46.9,GW
47.622,GW
46.685,GW
43.227,GW
39.067,GW
35.662,GW
32.879,GW
31.099,GW
30.412,GW
30.232,GW
30.885,GW
33.887,GW
39.324,GW
43.409,GW
45.399,GW
46.367,GW
45.908,GW
45.442,GW
44.935,GW
43.5,GW
43.109,GW
42.758,GW
43.125,GW
45.665,GW
47.781,GW
48.529,GW
47.514,GW
44.198,GW
39.969,GW
36.44,GW
33.553,GW
31.847,GW
31.098,GW
30.856,GW
31.555,GW
34.633,GW
39.992,GW
44.376,GW
46.648,GW
47.595,GW
47.217,GW
46.583,GW
45.79,GW
44.339,GW
43.637,GW
43.114,GW
43.291,GW
45.462,GW
47.2,GW
47.189,GW
46.257,GW
43.56,GW
40.125,GW
37.165,GW
34.063,GW
31.749,GW
30.508,GW
29.914,GW
29.714,GW
30.435,GW
32.141,GW
34.309,GW
37.607,GW
40.4,GW
40.845,GW
40.178,GW
39.912,GW
38.984,GW
37.675,GW
36.681,GW
36.669,GW
39.381,GW
41.517,GW
42.383,GW
42.208,GW
40.393,GW
37.738,GW
34.426,GW
31.594,GW
29.583,GW
28.454,GW
27.834,GW
27.738,GW
28.13,GW
29.193,GW
30.169,GW
32.41,GW
35.499,GW
37.017,GW
36.876,GW
37.072,GW
36.682,GW
35.148,GW
34.179,GW
34.246,GW
37.407,GW
40.427,GW
41.914,GW
41.901,GW
40.309,GW
37.107,GW
33.731,GW
30.872,GW
29.468,GW
28.804,GW
28.66,GW
29.465,GW
32.774,GW
38.415,GW
42.848,GW
45.182,GW
46.25,GW
45.971,GW
45.246,GW
44.68,GW
43.209,GW
42.583,GW
42.109,GW
42.195,GW
44.235,GW
46.483,GW
47.25,GW
46.299,GW
43.217,GW
39.201,GW
35.706,GW
32.771,GW
31.174,GW
30.557,GW
30.346,GW
31.031,GW
33.847,GW
39.277,GW
43.256,GW
45.258,GW
46.169,GW
45.865,GW
45.229,GW
44.568,GW
43.098,GW
42.729,GW
42.385,GW
42.545,GW
44.721,GW
46.781,GW
47.586,GW
46.573,GW
43.51,GW
39.314,GW
35.888,GW
33.037,GW
31.386,GW
30.638,GW
30.455,GW
31.167,GW
33.926,GW
39.378,GW
43.413,GW
45.303,GW
46.206,GW
46.136,GW
45.69,GW
45.149,GW
43.753,GW
43.48,GW
43.165,GW
43.232,GW
44.949,GW
46.773,GW
47.317,GW
46.344,GW
43.248,GW
39.139,GW
35.843,GW
32.96,GW
31.328,GW
30.644,GW
30.501,GW
31.041,GW
33.905,GW
39.186,GW
43.008,GW
44.89,GW
45.779,GW
45.743,GW
45.421,GW
44.939,GW
43.718,GW
43.369,GW
42.986,GW
43.205,GW
44.994,GW
46.931,GW
47.477,GW
46.501,GW
43.398,GW
39.47,GW
36.023,GW
33.274,GW
31.538,GW
30.632,GW
30.58,GW
31.271,GW
33.922,GW
39.557,GW
43.465,GW
45.431,GW
46.561,GW
46.633,GW
46.196,GW
45.717,GW
44.257,GW
43.535,GW
43.279,GW
43.463,GW
44.965,GW
46.338,GW
46.262,GW
45.3,GW
42.691,GW
39.38,GW
36.305,GW
33.303,GW
31.261,GW
30.161,GW
29.556,GW
29.376,GW
29.933,GW
31.642,GW
33.794,GW
37.273,GW
40.207,GW
41.093,GW
40.965,GW
41.137,GW
40.266,GW
38.863,GW
38.018,GW
38.041,GW
40.003,GW
41.671,GW
42.088,GW
41.477,GW
39.471,GW
36.724,GW
33.841,GW
31.035,GW
28.983,GW
27.73,GW
27.229,GW
27.111,GW
27.462,GW
28.27,GW
29.098,GW
31.546,GW
34.643,GW
36.324,GW
36.824,GW
37.477,GW
36.808,GW
35.136,GW
34.046,GW
33.842,GW
36.098,GW
38.898,GW
40.511,GW
40.709,GW
39.208,GW
35.959,GW
32.666,GW
30.082,GW
28.546,GW
28.018,GW
28.008,GW
28.933,GW
32.25,GW
38.15,GW
42.529,GW
44.707,GW
45.852,GW
45.643,GW
45.296,GW
44.865,GW
43.429,GW
42.916,GW
42.564,GW
42.536,GW
44.096,GW
46.449,GW
47.236,GW
46.195,GW
42.873,GW
38.919,GW
35.726,GW
32.765,GW
31.232,GW
30.484,GW
30.39,GW
31.144,GW
34.008,GW
39.488,GW
43.334,GW
45.525,GW
46.711,GW
46.888,GW
46.687,GW
46.422,GW
45.361,GW
45.042,GW
44.846,GW
45.051,GW
46.373,GW
48.124,GW
48.583,GW
47.179,GW
43.666,GW
39.567,GW
36.256,GW
33.501,GW
31.665,GW
30.869,GW
30.644,GW
31.426,GW
34.283,GW
39.569,GW
43.409,GW
45.328,GW
46.363,GW
46.463,GW
45.996,GW
45.62,GW
44.328,GW
44.091,GW
43.801,GW
43.849,GW
45.126,GW
47.022,GW
47.542,GW
46.261,GW
42.9,GW
38.912,GW
35.621,GW
32.927,GW
31.32,GW
30.582,GW
30.413,GW
31.003,GW
33.825,GW
38.944,GW
42.597,GW
44.247,GW
44.968,GW
44.992,GW
44.756,GW
44.384,GW
43.111,GW
42.723,GW
42.239,GW
42.077,GW
43.462,GW
45.722,GW
46.341,GW
45.101,GW
42.149,GW
38.344,GW
35.583,GW
32.977,GW
31.244,GW
30.524,GW
30.266,GW
30.846,GW
33.604,GW
38.787,GW
42.225,GW
44.028,GW
44.539,GW
44.022,GW
43.445,GW
42.845,GW
41.303,GW
40.551,GW
39.938,GW
39.696,GW
40.8,GW
43.182,GW
43.688,GW
42.84,GW
40.345,GW
37.282,GW
34.908,GW
32.299,GW
30.265,GW
29.311,GW
28.886,GW
28.611,GW
29.202,GW
30.905,GW
32.678,GW
35.772,GW
37.953,GW
38.178,GW
37.587,GW
37.332,GW
36.25,GW
34.689,GW
33.78,GW
33.401,GW
35.167,GW
38.215,GW
39.272,GW
39.149,GW
37.457,GW
35.076,GW
32.309,GW
29.895,GW
28.174,GW
26.984,GW
26.653,GW
26.563,GW
26.903,GW
27.762,GW
28.557,GW
30.862,GW
33.377,GW
34.689,GW
34.883,GW
35.264,GW
34.754,GW
33.066,GW
32.205,GW
32.118,GW
34.166,GW
37.562,GW
39.349,GW
39.335,GW
37.936,GW
34.847,GW
31.864,GW
29.546,GW
28.185,GW
27.6,GW
27.625,GW
28.541,GW
32.015,GW
37.526,GW
41.288,GW
43.462,GW
44.504,GW
44.529,GW
44.268,GW
43.877,GW
42.663,GW
42.174,GW
41.75,GW
41.617,GW
42.692,GW
45.027,GW
45.512,GW
44.5,GW
41.174,GW
37.491,GW
34.334,GW
31.896,GW
30.393,GW
29.756,GW
29.526,GW
30.213,GW
33.19,GW
38.327,GW
41.65,GW
43.574,GW
44.585,GW
44.759,GW
44.859,GW
44.874,GW
43.496,GW
43.149,GW
42.699,GW
42.69,GW
43.417,GW
45.704,GW
46.011,GW
44.902,GW
41.723,GW
38.006,GW
34.936,GW
32.355,GW
30.695,GW
29.997,GW
29.822,GW
30.408,GW
33.131,GW
38.234,GW
41.769,GW
43.611,GW
44.561,GW
44.569,GW
44.398,GW
44.058,GW
42.804,GW
42.622,GW
42.38,GW
42.66,GW
43.862,GW
45.974,GW
46.472,GW
45.172,GW
42.063,GW
38.283,GW
35.117,GW
32.457,GW
31.025,GW
30.219,GW
29.979,GW
30.68,GW
33.519,GW
38.446,GW
41.684,GW
43.471,GW
44.267,GW
44.458,GW
44.403,GW
44.015,GW
42.641,GW
42.236,GW
41.95,GW
41.968,GW
42.911,GW
44.873,GW
45.318,GW
44.147,GW
41.289,GW
37.777,GW
35.028,GW
32.492,GW
30.987,GW
30.362,GW
29.863,GW
30.382,GW
33.206,GW
37.881,GW
40.93,GW
42.793,GW
43.744,GW
44.029,GW
43.785,GW
43.533,GW
42.153,GW
41.684,GW
41.259,GW
41.012,GW
41.76,GW
43.942,GW
44.224,GW
43.229,GW
40.654,GW
37.645,GW
35.276,GW
32.639,GW
30.638,GW
29.544,GW
29.012,GW
28.934,GW
29.563,GW
31.217,GW
32.871,GW
36.158,GW
38.723,GW
39.398,GW
39.208,GW
39.034,GW
38.037,GW
36.524,GW
35.754,GW
35.383,GW
36.798,GW
39.79,GW
40.714,GW
40.465,GW
38.747,GW
36.384,GW
33.609,GW
30.758,GW
28.801,GW
27.508,GW
27.152,GW
27.227,GW
27.668,GW
28.622,GW
29.276,GW
31.748,GW
34.538,GW
35.937,GW
35.847,GW
36.031,GW
35.579,GW
33.973,GW
33.03,GW
32.737,GW
34.44,GW
38.567,GW
40.602,GW
40.738,GW
39.33,GW
36.41,GW
33.029,GW
30.581,GW
29.064,GW
28.444,GW
28.274,GW
29.245,GW
32.606,GW
38.357,GW
42.345,GW
44.95,GW
45.777,GW
45.721,GW
45.252,GW
44.524,GW
43.203,GW
42.698,GW
42.194,GW
41.997,GW
42.871,GW
45.816,GW
46.762,GW
45.823,GW
42.541,GW
38.67,GW
35.568,GW
32.743,GW
31.145,GW
30.409,GW
30.262,GW
30.963,GW
33.872,GW
38.999,GW
42.519,GW
44.473,GW
45.15,GW
44.708,GW
44.144,GW
43.558,GW
42.121,GW
41.439,GW
40.929,GW
40.761,GW
41.559,GW
44.888,GW
46.087,GW
45.371,GW
42.198,GW
38.362,GW
35.161,GW
32.51,GW
30.833,GW
30.142,GW
30.087,GW
30.684,GW
33.532,GW
38.679,GW
42.039,GW
43.88,GW
43.998,GW
43.687,GW
43.098,GW
42.546,GW
41.296,GW
40.707,GW
40.211,GW
39.932,GW
40.789,GW
44.149,GW
45.359,GW
44.317,GW
41.167,GW
37.468,GW
34.511,GW
31.967,GW
30.378,GW
29.657,GW
29.541,GW
30.188,GW
32.992,GW
37.947,GW
41.361,GW
43.28,GW
43.922,GW
43.491,GW
43.065,GW
42.364,GW
41.123,GW
40.601,GW
40.065,GW
39.719,GW
40.39,GW
43.564,GW
44.729,GW
43.87,GW
41.049,GW
37.494,GW
34.62,GW
31.954,GW
30.375,GW
29.6,GW
29.544,GW
30.12,GW
32.992,GW
38.142,GW
41.295,GW
43.301,GW
43.799,GW
43.39,GW
42.639,GW
41.993,GW
40.609,GW
39.885,GW
39.476,GW
39.002,GW
39.657,GW
42.491,GW
43.09,GW
42.493,GW
40.047,GW
36.972,GW
34.588,GW
31.96,GW
30.128,GW
29.146,GW
28.605,GW
28.342,GW
29.045,GW
30.582,GW
32.27,GW
35.517,GW
37.821,GW
38.044,GW
37.519,GW
37.326,GW
36.36,GW
34.931,GW
33.958,GW
33.529,GW
34.852,GW
38.097,GW
39.237,GW
39.119,GW
37.476,GW
34.96,GW
32.411,GW
29.926,GW
27.88,GW
27.035,GW
26.47,GW
26.282,GW
26.672,GW
27.488,GW
28.189,GW
30.528,GW
33.161,GW
34.53,GW
34.725,GW
35.212,GW
34.822,GW
33.172,GW
32.147,GW
31.999,GW
33.466,GW
36.958,GW
38.661,GW
38.712,GW
37.219,GW
34.534,GW
31.535,GW
29.276,GW
27.868,GW
27.337,GW
27.247,GW
28.113,GW
31.506,GW
36.712,GW
39.908,GW
42.043,GW
42.62,GW
42.565,GW
42.196,GW
41.723,GW
40.427,GW
39.861,GW
39.275,GW
38.999,GW
39.355,GW
42.527,GW
43.894,GW
43.09,GW
40.14,GW
36.588,GW
34.013,GW
31.708,GW
30.157,GW
29.401,GW
29.371,GW
30.04,GW
32.884,GW
37.913,GW
40.865,GW
42.926,GW
43.342,GW
42.81,GW
42.559,GW
41.975,GW
40.605,GW
40.06,GW
39.638,GW
39.339,GW
39.555,GW
42.784,GW
44.279,GW
43.28,GW
40.18,GW
36.555,GW
33.805,GW
31.471,GW
29.954,GW
29.349,GW
29.149,GW
29.88,GW
32.689,GW
37.951,GW
40.961,GW
42.722,GW
43.141,GW
42.732,GW
42.238,GW
41.455,GW
40.202,GW
39.66,GW
39.168,GW
38.786,GW
39.002,GW
42.393,GW
43.952,GW
43.079,GW
40.039,GW
36.548,GW
33.803,GW
31.331,GW
29.863,GW
29.192,GW
28.942,GW
29.641,GW
32.424,GW
37.639,GW
40.625,GW
42.284,GW
42.66,GW
42.23,GW
41.929,GW
41.28,GW
40.095,GW
39.618,GW
39.099,GW
38.864,GW
38.985,GW
42.198,GW
43.597,GW
42.717,GW
39.781,GW
36.41,GW
33.948,GW
31.508,GW
30.005,GW
29.286,GW
29.135,GW
29.741,GW
32.562,GW
37.557,GW
40.342,GW
42.259,GW
42.693,GW
42.634,GW
42.087,GW
41.441,GW
40.077,GW
39.295,GW
38.64,GW
38.208,GW
38.372,GW
41.397,GW
42.35,GW
41.532,GW
38.921,GW
36.052,GW
33.658,GW
31.199,GW
29.352,GW
28.392,GW
27.911,GW
27.778,GW
28.401,GW
30.031,GW
31.725,GW
34.903,GW
36.856,GW
36.95,GW
36.463,GW
36.195,GW
35.271,GW
33.795,GW
32.799,GW
32.285,GW
33.129,GW
36.63,GW
38.234,GW
37.997,GW
36.175,GW
33.781,GW
31.235,GW
28.931,GW
27.283,GW
26.223,GW
25.688,GW
25.641,GW
26.038,GW
26.825,GW
27.479,GW
30.118,GW
32.294,GW
33.28,GW
33.148,GW
33.411,GW
32.847,GW
31.408,GW
30.692,GW
30.527,GW
31.722,GW
35.659,GW
37.813,GW
37.747,GW
36.243,GW
33.565,GW
30.762,GW
28.661,GW
27.411,GW
26.903,GW
26.843,GW
27.722,GW
31.037,GW
36.258,GW
39.495,GW
41.664,GW
42.393,GW
42.649,GW
42.509,GW
42.137,GW
40.943,GW
40.403,GW
39.845,GW
39.573,GW
39.75,GW
42.725,GW
43.902,GW
42.893,GW
39.682,GW
36.005,GW
33.399,GW
30.994,GW
29.578,GW
28.938,GW
28.942,GW
29.684,GW
32.615,GW
37.43,GW
40.207,GW
42.225,GW
42.681,GW
42.476,GW
42.01,GW
41.465,GW
40.145,GW
39.496,GW
38.772,GW
38.507,GW
38.8,GW
42.194,GW
43.837,GW
42.848,GW
39.737,GW
36.044,GW
33.505,GW
31.05,GW
29.54,GW
28.87,GW
28.705,GW
29.36,GW
32.253,GW
37.113,GW
40.011,GW
41.973,GW
42.488,GW
42.103,GW
41.75,GW
41.223,GW
39.766,GW
39.478,GW
38.714,GW
38.31,GW
38.443,GW
41.73,GW
43.634,GW
42.847,GW
40.18,GW
36.751,GW
34.152,GW
31.811,GW
30.529,GW
29.815,GW
29.683,GW
30.247,GW
32.576,GW
37.117,GW
39.639,GW
41.712,GW
42.067,GW
41.722,GW
41.44,GW
40.898,GW
39.585,GW
38.992,GW
38.418,GW
38.065,GW
38.208,GW
41.572,GW
43.154,GW
42.314,GW
39.458,GW
36.054,GW
33.384,GW
31.074,GW
29.555,GW
28.961,GW
28.829,GW
29.562,GW
32.49,GW
37.237,GW
39.962,GW
41.741,GW
41.869,GW
41.319,GW
40.802,GW
40.263,GW
38.869,GW
38.105,GW
37.497,GW
36.909,GW
36.754,GW
39.701,GW
41.066,GW
40.496,GW
38.069,GW
35.3,GW
33.122,GW
30.645,GW
28.868,GW
28.05,GW
27.574,GW
27.394,GW
28.188,GW
29.398,GW
31.177,GW
34.357,GW
36.053,GW
36.245,GW
35.589,GW
35.38,GW
34.404,GW
33.069,GW
32.007,GW
31.566,GW
31.868,GW
35.124,GW
36.919,GW
36.813,GW
35.229,GW
32.825,GW
30.514,GW
28.192,GW
26.578,GW
25.708,GW
25.303,GW
25.293,GW
25.755,GW
26.311,GW
26.93,GW
29.518,GW
31.506,GW
32.252,GW
32.076,GW
32.242,GW
31.619,GW
30.311,GW
29.417,GW
28.968,GW
29.616,GW
33.449,GW
36.1,GW
36.162,GW
34.792,GW
32.249,GW
29.692,GW
27.746,GW
26.554,GW
26.089,GW
26.211,GW
27.068,GW
30.399,GW
35.263,GW
38.433,GW
40.404,GW
40.73,GW
40.469,GW
40.238,GW
39.933,GW
38.73,GW
38.187,GW
37.443,GW
37.041,GW
36.786,GW
39.738,GW
41.714,GW
41.026,GW
37.949,GW
34.478,GW
32.203,GW
29.989,GW
28.691,GW
28.13,GW
28.033,GW
28.657,GW
31.433,GW
36.091,GW
38.649,GW
40.416,GW
40.538,GW
40.2,GW
40.076,GW
39.77,GW
38.607,GW
37.926,GW
37.397,GW
36.963,GW
36.835,GW
39.898,GW
41.775,GW
40.971,GW
37.933,GW
34.592,GW
32.163,GW
30.013,GW
28.717,GW
28.27,GW
28.196,GW
28.821,GW
31.629,GW
35.969,GW
38.55,GW
40.288,GW
40.379,GW
40.067,GW
39.95,GW
39.493,GW
38.293,GW
37.769,GW
37.199,GW
36.772,GW
36.731,GW
39.831,GW
41.671,GW
40.56,GW
37.757,GW
34.592,GW
32.306,GW
30.218,GW
28.826,GW
28.395,GW
28.222,GW
28.763,GW
31.137,GW
34.552,GW
36.937,GW
38.93,GW
39.277,GW
39.08,GW
38.843,GW
38.385,GW
37.259,GW
36.817,GW
36.258,GW
35.831,GW
35.806,GW
38.858,GW
40.715,GW
40.031,GW
37.395,GW
34.48,GW
32.245,GW
30.271,GW
28.889,GW
28.254,GW
28.171,GW
28.788,GW
31.383,GW
35.164,GW
37.744,GW
39.814,GW
40.566,GW
40.162,GW
39.757,GW
39.142,GW
37.959,GW
37.18,GW
36.586,GW
36.257,GW
36.125,GW
38.901,GW
40.378,GW
39.466,GW
37.05,GW
34.384,GW
32.241,GW
29.983,GW
28.566,GW
27.665,GW
27.3,GW
27.181,GW
27.742,GW
28.74,GW
30.436,GW
33.317,GW
34.907,GW
35.14,GW
34.828,GW
34.602,GW
33.524,GW
32.201,GW
31.266,GW
30.648,GW
30.707,GW
33.665,GW
35.854,GW
35.5,GW
33.866,GW
32.007,GW
29.864,GW
27.81,GW
26.263,GW
25.441,GW
25.064,GW
25.019,GW
25.441,GW
25.656,GW
26.5,GW
28.902,GW
30.688,GW
31.351,GW
31.299,GW
31.404,GW
30.923,GW
29.618,GW
28.695,GW
28.19,GW
28.915,GW
32.443,GW
35.236,GW
35.306,GW
33.919,GW
31.388,GW
28.96,GW
27.054,GW
26.052,GW
25.481,GW
25.64,GW
26.463,GW
29.569,GW
33.097,GW
35.519,GW
38.024,GW
38.899,GW
38.96,GW
38.903,GW
38.767,GW
37.775,GW
37.081,GW
36.339,GW
36.038,GW
36.222,GW
38.693,GW
40.509,GW
39.624,GW
36.809,GW
33.533,GW
31.281,GW
29.264,GW
27.958,GW
27.389,GW
27.345,GW
27.91,GW
30.344,GW
33.915,GW
35.937,GW
37.447,GW
38.203,GW
38.529,GW
38.656,GW
38.695,GW
37.513,GW
36.618,GW
35.937,GW
35.622,GW
35.701,GW
38.604,GW
40.389,GW
39.557,GW
36.916,GW
34.007,GW
31.727,GW
29.75,GW
28.499,GW
27.945,GW
27.874,GW
28.374,GW
31.097,GW
35.094,GW
37.606,GW
39.841,GW
40.926,GW
41.33,GW
41.522,GW
41.284,GW
40.069,GW
39.487,GW
38.894,GW
38.725,GW
38.665,GW
40.825,GW
42.714,GW
41.42,GW
38.585,GW
35.165,GW
32.664,GW
30.439,GW
29.113,GW
28.385,GW
28.383,GW
28.956,GW
31.607,GW
35.42,GW
38.146,GW
40.118,GW
40.733,GW
40.467,GW
40.546,GW
40.143,GW
39.178,GW
38.794,GW
38.091,GW
37.705,GW
37.635,GW
40.19,GW
42.108,GW
41.226,GW
38.613,GW
35.132,GW
32.753,GW
30.474,GW
29.14,GW
28.502,GW
28.376,GW
28.864,GW
31.478,GW
35.177,GW
37.905,GW
40.004,GW
40.603,GW
40.431,GW
40.105,GW
39.539,GW
38.185,GW
37.502,GW
36.857,GW
36.312,GW
35.977,GW
38.276,GW
40.099,GW
39.303,GW
37.201,GW
34.47,GW
32.451,GW
30.231,GW
28.484,GW
27.628,GW
27.301,GW
27.214,GW
27.985,GW
28.642,GW
30.563,GW
33.438,GW
34.926,GW
34.979,GW
34.764,GW
34.563,GW
33.749,GW
32.32,GW
31.299,GW
30.696,GW
30.736,GW
33.264,GW
35.699,GW
35.631,GW
34.124,GW
31.991,GW
29.715,GW
27.686,GW
26.106,GW
25.262,GW
24.78,GW
24.776,GW
25.358,GW
25.529,GW
26.392,GW
28.799,GW
30.441,GW
31.219,GW
31.062,GW
31.393,GW
30.878,GW
29.496,GW
28.655,GW
28.242,GW
28.57,GW
31.71,GW
34.908,GW
35.029,GW
33.651,GW
31.187,GW
28.857,GW
27.151,GW
26.086,GW
25.505,GW
25.513,GW
26.474,GW
29.633,GW
33.644,GW
36.543,GW
38.67,GW
39.146,GW
39.219,GW
39.227,GW
38.736,GW
37.696,GW
37.127,GW
36.402,GW
35.841,GW
35.461,GW
37.972,GW
40.472,GW
39.526,GW
36.791,GW
33.79,GW
31.657,GW
29.554,GW
28.324,GW
27.868,GW
27.724,GW
28.293,GW
30.998,GW
34.704,GW
37.399,GW
39.162,GW
39.562,GW
39.5,GW
39.351,GW
38.936,GW
37.79,GW
37.293,GW
36.693,GW
36.454,GW
36.199,GW
38.588,GW
41.14,GW
40.138,GW
37.257,GW
34.201,GW
31.988,GW
29.819,GW
28.728,GW
28.255,GW
28.251,GW
28.924,GW
31.378,GW
35.074,GW
37.656,GW
39.543,GW
40.124,GW
40.2,GW
40.092,GW
39.638,GW
38.414,GW
37.878,GW
37.166,GW
36.923,GW
36.63,GW
39.155,GW
41.924,GW
40.797,GW
37.808,GW
34.609,GW
32.31,GW
30.333,GW
29.077,GW
28.559,GW
28.454,GW
29.124,GW
31.636,GW
35.137,GW
37.961,GW
39.678,GW
40.054,GW
39.915,GW
39.937,GW
39.407,GW
38.096,GW
37.585,GW
36.931,GW
36.486,GW
36.269,GW
38.461,GW
41.153,GW
40.289,GW
37.622,GW
34.499,GW
32.313,GW
30.195,GW
29.004,GW
28.468,GW
28.296,GW
28.933,GW
31.568,GW
34.944,GW
37.66,GW
39.279,GW
39.682,GW
39.678,GW
39.487,GW
38.872,GW
37.518,GW
36.768,GW
36.02,GW
35.534,GW
35.061,GW
36.985,GW
39.341,GW
38.461,GW
36.125,GW
33.525,GW
31.751,GW
29.667,GW
28.238,GW
27.475,GW
27.047,GW
26.891,GW
27.502,GW
27.997,GW
30.133,GW
32.93,GW
34.388,GW
34.496,GW
34.059,GW
34.043,GW
33.097,GW
31.662,GW
30.627,GW
30.31,GW
30.325,GW
32.647,GW
35.449,GW
35.419,GW
33.703,GW
31.339,GW
29.183,GW
27.277,GW
25.916,GW
25.107,GW
24.757,GW
24.713,GW
25.144,GW
25.044,GW
26.314,GW
28.541,GW
30.318,GW
31.321,GW
31.477,GW
31.924,GW
31.465,GW
29.856,GW
28.851,GW
28.401,GW
28.889,GW
31.547,GW
34.814,GW
34.925,GW
33.315,GW
30.973,GW
28.773,GW
27.091,GW
26.046,GW
25.561,GW
25.699,GW
26.517,GW
29.142,GW
32.421,GW
35.474,GW
37.658,GW
38.221,GW
38.476,GW
38.472,GW
38.246,GW
37.12,GW
36.454,GW
35.669,GW
35.193,GW
34.9,GW
36.935,GW
39.602,GW
38.861,GW
36.264,GW
33.237,GW
31.037,GW
29.141,GW
27.902,GW
27.377,GW
27.238,GW
27.682,GW
29.695,GW
32.07,GW
34.404,GW
36.456,GW
37.308,GW
37.569,GW
37.572,GW
37.283,GW
36.045,GW
35.188,GW
34.42,GW
34.286,GW
33.998,GW
36.155,GW
39.216,GW
38.499,GW
36.188,GW
33.264,GW
31.213,GW
29.436,GW
28.417,GW
27.887,GW
27.795,GW
28.492,GW
31.472,GW
34.947,GW
37.979,GW
39.567,GW
39.942,GW
39.902,GW
39.929,GW
39.622,GW
38.374,GW
37.84,GW
37.157,GW
36.709,GW
36.403,GW
38.486,GW
41.66,GW
40.83,GW
37.788,GW
34.435,GW
32.142,GW
30.22,GW
28.925,GW
28.319,GW
28.358,GW
29.063,GW
31.613,GW
34.961,GW
38.064,GW
39.764,GW
40.023,GW
39.993,GW
39.939,GW
39.454,GW
38.271,GW
37.846,GW
37.241,GW
36.811,GW
36.469,GW
38.445,GW
41.606,GW
40.782,GW
37.878,GW
34.684,GW
32.388,GW
30.258,GW
28.946,GW
28.413,GW
28.225,GW
28.843,GW
31.578,GW
35.127,GW
38.035,GW
39.703,GW
40.16,GW
40.113,GW
39.953,GW
39.345,GW
38.034,GW
37.354,GW
36.583,GW
36.055,GW
35.476,GW
37.25,GW
39.874,GW
39.138,GW
36.78,GW
34.032,GW
32.028,GW
29.971,GW
28.303,GW
27.584,GW
27.115,GW
26.979,GW
27.64,GW
28.137,GW
30.494,GW
33.333,GW
34.842,GW
35.073,GW
34.765,GW
34.675,GW
33.73,GW
32.289,GW
31.307,GW
30.683,GW
30.587,GW
32.437,GW
35.325,GW
35.325,GW
33.445,GW
31.315,GW
29.246,GW
27.317,GW
25.822,GW
25.09,GW
24.45,GW
24.417,GW
24.856,GW
24.651,GW
25.984,GW
28.277,GW
30.243,GW
31.091,GW
31.021,GW
31.428,GW
31.003,GW
29.556,GW
28.635,GW
28.242,GW
28.444,GW
30.901,GW
34.606,GW
34.861,GW
33.271,GW
30.763,GW
28.559,GW
26.866,GW
25.8,GW
25.334,GW
25.437,GW
26.387,GW
29.37,GW
32.709,GW
35.94,GW
37.815,GW
38.416,GW
38.504,GW
38.571,GW
38.287,GW
37.356,GW
36.789,GW
36.264,GW
35.781,GW
35.297,GW
37.051,GW
40.099,GW
39.188,GW
36.204,GW
33.221,GW
30.892,GW
29.165,GW
27.984,GW
27.49,GW
27.456,GW
28.175,GW
30.741,GW
33.816,GW
36.739,GW
38.286,GW
38.86,GW
38.893,GW
39.005,GW
38.543,GW
37.456,GW
37.03,GW
36.484,GW
36.038,GW
35.594,GW
37.453,GW
40.615,GW
39.598,GW
36.459,GW
33.36,GW
31.208,GW
29.34,GW
28.187,GW
27.682,GW
27.595,GW
28.231,GW
30.682,GW
33.869,GW
36.894,GW
38.444,GW
38.827,GW
38.861,GW
38.948,GW
38.655,GW
37.547,GW
36.974,GW
36.269,GW
35.85,GW
35.426,GW
37.111,GW
40.36,GW
39.408,GW
36.579,GW
33.343,GW
31.229,GW
29.486,GW
28.293,GW
27.775,GW
27.663,GW
28.335,GW
30.804,GW
33.895,GW
36.781,GW
38.339,GW
38.782,GW
38.729,GW
38.842,GW
38.579,GW
37.431,GW
36.98,GW
36.307,GW
35.852,GW
35.261,GW
36.838,GW
39.966,GW
39.303,GW
36.523,GW
33.409,GW
31.413,GW
29.61,GW
28.451,GW
28.039,GW
27.869,GW
28.439,GW
30.962,GW
34.018,GW
36.844,GW
38.441,GW
38.985,GW
39.035,GW
39.06,GW
38.511,GW
37.498,GW
36.792,GW
36.14,GW
35.617,GW
35.108,GW
36.301,GW
38.913,GW
38.22,GW
35.755,GW
33.209,GW
31.481,GW
29.479,GW
27.977,GW
27.233,GW
26.79,GW
26.628,GW
27.044,GW
27.562,GW
29.972,GW
32.571,GW
34.123,GW
34.331,GW
34.221,GW
34.123,GW
33.328,GW
31.933,GW
31.074,GW
30.384,GW
30.335,GW
31.983,GW
34.866,GW
34.919,GW
33.321,GW
31.188,GW
29.032,GW
26.949,GW
25.747,GW
24.975,GW
24.667,GW
24.936,GW
25.473,GW
25.341,GW
27.072,GW
29.335,GW
31.092,GW
31.951,GW
32.452,GW
32.18,GW
30.573,GW
29.468,GW
28.925,GW
28.866,GW
29.963,GW
32.53,GW
35.393,GW
34.089,GW
31.921,GW
29.326,GW
27.403,GW
26.15,GW
25.62,GW
25.548,GW
26.226,GW
29.283,GW
33.764,GW
36.551,GW
38.451,GW
39.244,GW
39.437,GW
39.677,GW
39.142,GW
38.174,GW
37.624,GW
36.992,GW
36.578,GW
35.88,GW
36.217,GW
38.333,GW
40.237,GW
37.48,GW
34.172,GW
31.635,GW
29.584,GW
28.359,GW
27.703,GW
27.533,GW
28.009,GW
30.627,GW
34.727,GW
37.275,GW
38.827,GW
39.439,GW
39.483,GW
39.655,GW
39.135,GW
37.912,GW
37.554,GW
37.081,GW
36.706,GW
36.024,GW
36.215,GW
38.276,GW
40.29,GW
37.544,GW
34.427,GW
32.008,GW
29.923,GW
28.637,GW
28.077,GW
27.859,GW
28.336,GW
30.867,GW
34.822,GW
37.385,GW
38.92,GW
39.333,GW
39.379,GW
39.705,GW
39.224,GW
38.127,GW
37.543,GW
37.155,GW
36.879,GW
36.369,GW
36.7,GW
38.45,GW
40.309,GW
37.407,GW
34.411,GW
32.086,GW
29.99,GW
28.686,GW
28.07,GW
27.892,GW
28.435,GW
30.969,GW
35.127,GW
37.844,GW
39.792,GW
40.151,GW
40.038,GW
40.109,GW
39.492,GW
38.181,GW
37.673,GW
37.358,GW
37.063,GW
36.692,GW
37.03,GW
39.272,GW
40.986,GW
37.944,GW
34.919,GW
32.474,GW
30.274,GW
28.858,GW
28.28,GW
28.032,GW
28.587,GW
31.234,GW
35.335,GW
38.203,GW
40.179,GW
41.146,GW
41.244,GW
41.486,GW
40.901,GW
39.616,GW
39.026,GW
38.546,GW
38.181,GW
37.674,GW
37.753,GW
39.044,GW
40.513,GW
37.835,GW
35.214,GW
32.811,GW
30.472,GW
28.801,GW
27.766,GW
27.249,GW
27.044,GW
27.639,GW
28.694,GW
30.225,GW
33.283,GW
35.787,GW
36.373,GW
36.307,GW
36.22,GW
35.419,GW
33.918,GW
32.859,GW
32.26,GW
32.19,GW
32.759,GW
34.384,GW
36.756,GW
34.958,GW
33.149,GW
30.52,GW
28.31,GW
26.564,GW
25.594,GW
25.171,GW
25.026,GW
25.411,GW
26.012,GW
26.474,GW
28.825,GW
31.259,GW
32.661,GW
33.291,GW
33.673,GW
33.334,GW
31.745,GW
30.807,GW
30.547,GW
30.939,GW
31.926,GW
34.068,GW
36.866,GW
35.376,GW
32.99,GW
30.302,GW
28.106,GW
26.787,GW
26.164,GW
26.158,GW
26.905,GW
30.092,GW
34.708,GW
37.731,GW
39.868,GW
40.847,GW
41.057,GW
41.027,GW
40.489,GW
39.264,GW
38.64,GW
38.101,GW
37.538,GW
36.976,GW
37.259,GW
39.299,GW
41.445,GW
38.386,GW
35.225,GW
32.495,GW
30.249,GW
28.834,GW
28.228,GW
28.011,GW
28.588,GW
31.148,GW
35.154,GW
38.012,GW
39.9,GW
40.68,GW
40.961,GW
41.322,GW
40.812,GW
39.556,GW
39.004,GW
38.323,GW
38.323,GW
37.956,GW
38.054,GW
39.564,GW
41.475,GW
38.59,GW
35.362,GW
32.694,GW
30.61,GW
29.189,GW
28.542,GW
28.401,GW
28.834,GW
31.387,GW
35.47,GW
38.276,GW
40.02,GW
40.679,GW
40.687,GW
40.852,GW
40.378,GW
39.016,GW
38.684,GW
38.171,GW
37.757,GW
37.151,GW
37.392,GW
38.984,GW
40.802,GW
38.042,GW
35.286,GW
32.737,GW
30.387,GW
29.08,GW
28.36,GW
28.156,GW
28.755,GW
31.274,GW
35.281,GW
37.954,GW
39.716,GW
40.238,GW
40.217,GW
40.233,GW
39.755,GW
38.581,GW
38.247,GW
37.814,GW
37.433,GW
36.864,GW
36.902,GW
38.404,GW
40.379,GW
37.944,GW
35.174,GW
32.71,GW
30.419,GW
28.867,GW
28.294,GW
28.136,GW
28.58,GW
31.067,GW
34.809,GW
37.353,GW
39.256,GW
39.822,GW
39.806,GW
39.708,GW
39.046,GW
37.915,GW
37.272,GW
36.599,GW
35.976,GW
35.264,GW
35.091,GW
36.315,GW
38.379,GW
36.342,GW
34.039,GW
32.041,GW
29.921,GW
28.339,GW
27.422,GW
26.945,GW
26.769,GW
27.348,GW
28.28,GW
29.924,GW
32.6,GW
34.401,GW
34.617,GW
34.607,GW
34.338,GW
33.424,GW
32.042,GW
31.206,GW
30.647,GW
30.507,GW
30.832,GW
32.197,GW
34.982,GW
33.586,GW
31.585,GW
29.46,GW
27.436,GW
26.043,GW
25.249,GW
24.735,GW
24.63,GW
25.038,GW
25.258,GW
25.902,GW
28.307,GW
30.195,GW
31.05,GW
31.296,GW
31.485,GW
31.027,GW
29.729,GW
28.866,GW
28.392,GW
28.39,GW
28.884,GW
30.6,GW
33.641,GW
32.91,GW
31.178,GW
29.126,GW
27.317,GW
26.078,GW
25.66,GW
25.449,GW
26.021,GW
28.936,GW
32.019,GW
34.459,GW
36.828,GW
38.031,GW
38.471,GW
38.873,GW
38.599,GW
37.452,GW
36.79,GW
36.294,GW
36.045,GW
35.324,GW
35.304,GW
36.518,GW
38.54,GW
36.079,GW
33.401,GW
31.289,GW
29.336,GW
28.093,GW
27.443,GW
27.275,GW
27.771,GW
29.917,GW
32.651,GW
34.84,GW
37.337,GW
38.177,GW
38.3,GW
38.447,GW
38.179,GW
37.157,GW
36.464,GW
35.952,GW
35.514,GW
34.862,GW
34.71,GW
35.918,GW
37.837,GW
35.703,GW
33.359,GW
31.401,GW
29.278,GW
28.013,GW
27.456,GW
27.174,GW
27.587,GW
29.618,GW
32.237,GW
34.466,GW
36.908,GW
37.861,GW
38.337,GW
38.641,GW
38.308,GW
37.21,GW
36.516,GW
36.168,GW
35.73,GW
35.191,GW
35.205,GW
36.089,GW
37.52,GW
35.17,GW
32.711,GW
30.454,GW
28.301,GW
26.882,GW
26.004,GW
25.697,GW
25.682,GW
26.47,GW
27.587,GW
28.994,GW
31.673,GW
33.397,GW
34.25,GW
34.674,GW
34.525,GW
33.735,GW
32.638,GW
31.752,GW
31.299,GW
30.986,GW
31.335,GW
32.478,GW
34.325,GW
32.931,GW
30.952,GW
29.003,GW
27.092,GW
25.571,GW
24.633,GW
24.227,GW
24.024,GW
24.445,GW
24.644,GW
25.031,GW
27.273,GW
29.283,GW
30.362,GW
30.743,GW
31,GW
30.605,GW
29.359,GW
28.404,GW
28.009,GW
27.994,GW
28.482,GW
29.961,GW
32.348,GW
31.47,GW
29.673,GW
27.812,GW
25.818,GW
24.562,GW
23.634,GW
23.298,GW
23.243,GW
23.81,GW
24.243,GW
25.549,GW
28.36,GW
30.661,GW
31.444,GW
31.653,GW
31.944,GW
31.43,GW
30.203,GW
29.25,GW
28.813,GW
28.727,GW
29.223,GW
30.59,GW
32.804,GW
31.523,GW
29.542,GW
27.443,GW
25.378,GW
23.898,GW
23.056,GW
22.522,GW
22.459,GW
22.851,GW
22.834,GW
23.544,GW
25.853,GW
28.092,GW
29.452,GW
29.949,GW
29.955,GW
29.272,GW
27.956,GW
27.209,GW
26.738,GW
26.86,GW
27.491,GW
29.067,GW
31.775,GW
31.125,GW
29.125,GW
26.816,GW
25.021,GW
23.844,GW
23.276,GW
23.177,GW
23.462,GW
24.909,GW
26.61,GW
28.585,GW
30.899,GW
32.377,GW
32.935,GW
33.282,GW
33.591,GW
32.637,GW
31.597,GW
31.014,GW
30.667,GW
30.565,GW
31,GW
32.732,GW
35.095,GW
33.247,GW
30.866,GW
28.368,GW
26.464,GW
25.184,GW
24.673,GW
24.621,GW
25.169,GW
27.634,GW
30.776,GW
33.733,GW
36.211,GW
37.167,GW
37.623,GW
38.021,GW
37.816,GW
36.64,GW
35.9,GW
35.208,GW
34.838,GW
34.213,GW
34.455,GW
36.029,GW
38.264,GW
36.109,GW
33.3,GW
30.623,GW
28.626,GW
27.193,GW
26.715,GW
26.636,GW
27.201,GW
29.762,GW
33.116,GW
36.329,GW
38.57,GW
39.449,GW
39.705,GW
40.043,GW
39.575,GW
38.536,GW
37.945,GW
37.598,GW
37.274,GW
36.882,GW
37.105,GW
38.406,GW
40.14,GW
37.394,GW
34.323,GW
31.678,GW
29.493,GW
28.162,GW
27.409,GW
27.153,GW
27.636,GW
30.102,GW
32.717,GW
35.381,GW
37.22,GW
37.977,GW
38.391,GW
38.581,GW
38.396,GW
37.132,GW
36.201,GW
35.771,GW
35.394,GW
34.919,GW
35.278,GW
36.429,GW
38.678,GW
36.583,GW
33.943,GW
31.453,GW
29.219,GW
27.903,GW
27.153,GW
27.149,GW
27.671,GW
30.025,GW
33.252,GW
35.89,GW
37.633,GW
38.115,GW
38.188,GW
38.132,GW
37.677,GW
36.429,GW
35.767,GW
35.077,GW
34.59,GW
34.117,GW
34.151,GW
34.876,GW
37.18,GW
35.769,GW
33.358,GW
31.33,GW
29.112,GW
27.538,GW
26.58,GW
26.183,GW
26.017,GW
26.574,GW
27.067,GW
28.717,GW
31.139,GW
32.69,GW
33.19,GW
33.148,GW
32.983,GW
32.098,GW
30.713,GW
29.702,GW
29.154,GW
29.08,GW
29.447,GW
30.513,GW
33.13,GW
32.49,GW
30.557,GW
28.483,GW
26.452,GW
25.094,GW
24.142,GW
23.734,GW
23.562,GW
23.808,GW
23.616,GW
24.614,GW
26.389,GW
27.99,GW
28.716,GW
28.895,GW
28.942,GW
28.609,GW
27.426,GW
26.617,GW
26.211,GW
26.618,GW
27.478,GW
29.179,GW
31.898,GW
31.884,GW
29.993,GW
27.785,GW
26.119,GW
24.975,GW
24.612,GW
24.467,GW
25.278,GW
27.997,GW
30.983,GW
33.725,GW
35.434,GW
36.095,GW
36.336,GW
36.603,GW
36.313,GW
35.611,GW
35.06,GW
34.647,GW
34.318,GW
33.654,GW
33.45,GW
34.58,GW
36.671,GW
34.918,GW
32.036,GW
29.991,GW
28.026,GW
26.895,GW
26.384,GW
26.311,GW
26.738,GW
29.155,GW
31.831,GW
34.701,GW
36.489,GW
36.735,GW
36.809,GW
37.21,GW
37.048,GW
36.265,GW
35.742,GW
35.219,GW
34.878,GW
34.076,GW
33.599,GW
34.209,GW
35.806,GW
34.261,GW
31.695,GW
29.724,GW
27.804,GW
26.266,GW
25.493,GW
25.061,GW
24.597,GW
24.303,GW
23.972,GW
25.002,GW
26.926,GW
28.664,GW
29.54,GW
30.01,GW
30.339,GW
29.692,GW
28.209,GW
27.384,GW
27.063,GW
27.18,GW
27.811,GW
29.447,GW
32.055,GW
31.503,GW
29.469,GW
27.327,GW
25.611,GW
24.482,GW
24.045,GW
24.013,GW
24.613,GW
27.352,GW
30.03,GW
32.762,GW
34.644,GW
35.778,GW
36.252,GW
36.666,GW
36.514,GW
35.839,GW
35.263,GW
34.854,GW
34.719,GW
34.156,GW
34.016,GW
34.941,GW
36.657,GW
34.909,GW
32.091,GW
30.056,GW
28.554,GW
27.053,GW
26.544,GW
26.32,GW
26.819,GW
28.867,GW
31.4,GW
34.088,GW
36.108,GW
36.947,GW
37.268,GW
37.665,GW
37.352,GW
36.427,GW
35.708,GW
35.236,GW
34.884,GW
34.425,GW
34.236,GW
34.629,GW
35.945,GW
34.528,GW
32.133,GW
30.264,GW
28.536,GW
27.133,GW
26.317,GW
25.849,GW
25.774,GW
26.301,GW
26.434,GW
28.547,GW
31.137,GW
32.941,GW
33.253,GW
33.325,GW
33.097,GW
32.491,GW
31.223,GW
30.342,GW
29.839,GW
29.658,GW
29.979,GW
30.808,GW
33.095,GW
32.383,GW
30.353,GW
28.276,GW
26.461,GW
25.19,GW
24.341,GW
23.928,GW
23.89,GW
24.147,GW
23.817,GW
24.97,GW
27.101,GW
28.954,GW
29.905,GW
30.179,GW
30.231,GW
29.592,GW
28.352,GW
27.716,GW
27.452,GW
27.605,GW
28.308,GW
29.641,GW
32.329,GW
32.241,GW
30.041,GW
27.941,GW
26.455,GW
25.49,GW
25.112,GW
25.131,GW
25.8,GW
28.525,GW
31.646,GW
34.664,GW
36.276,GW
36.731,GW
36.867,GW
36.81,GW
36.879,GW
36.194,GW
35.648,GW
35.226,GW
35.091,GW
34.494,GW
34.461,GW
35.448,GW
37.25,GW
35.503,GW
32.505,GW
30.397,GW
28.65,GW
27.641,GW
27.193,GW
27.052,GW
27.516,GW
29.538,GW
32.424,GW
35.152,GW
37.007,GW
37.399,GW
37.549,GW
38.053,GW
37.634,GW
36.866,GW
36.397,GW
36.023,GW
36.053,GW
35.72,GW
35.884,GW
37.178,GW
38.189,GW
35.859,GW
33.139,GW
31.332,GW
29.461,GW
28.243,GW
27.728,GW
27.595,GW
28.001,GW
30.134,GW
32.799,GW
35.362,GW
37.155,GW
37.946,GW
38.22,GW
38.641,GW
38.362,GW
37.215,GW
36.701,GW
36.468,GW
36.228,GW
35.745,GW
35.833,GW
36.743,GW
38.025,GW
36.078,GW
33.093,GW
31.026,GW
29.266,GW
28.155,GW
27.708,GW
27.567,GW
27.913,GW
30.034,GW
32.646,GW
35.321,GW
37.195,GW
37.856,GW
38.194,GW
38.682,GW
38.34,GW
37.456,GW
37.033,GW
36.688,GW
36.56,GW
36.135,GW
36.02,GW
36.833,GW
37.919,GW
35.958,GW
32.996,GW
31.122,GW
29.512,GW
28.215,GW
27.695,GW
27.627,GW
27.957,GW
29.983,GW
32.846,GW
35.555,GW
37.23,GW
37.796,GW
38.104,GW
38.38,GW
38.263,GW
37.159,GW
36.518,GW
36.192,GW
36.018,GW
35.245,GW
35.023,GW
35.109,GW
35.639,GW
34.786,GW
32.547,GW
31.023,GW
29.18,GW
27.702,GW
26.802,GW
26.382,GW
26.161,GW
26.335,GW
26.581,GW
28.68,GW
31.338,GW
32.903,GW
33.377,GW
33.573,GW
33.76,GW
32.922,GW
31.602,GW
30.597,GW
30.117,GW
29.945,GW
30.07,GW
30.833,GW
32.319,GW
31.875,GW
30.045,GW
28.27,GW
26.547,GW
25.168,GW
24.344,GW
23.933,GW
23.751,GW
23.746,GW
23.533,GW
24.759,GW
26.885,GW
28.556,GW
29.528,GW
29.994,GW
30.357,GW
30.11,GW
28.995,GW
28.195,GW
27.88,GW
27.977,GW
28.485,GW
29.75,GW
31.901,GW
32.187,GW
30.127,GW
28.117,GW
26.458,GW
25.449,GW
25.075,GW
25.113,GW
25.619,GW
28.139,GW
30.933,GW
33.712,GW
35.436,GW
36.154,GW
36.587,GW
37.404,GW
37.553,GW
36.772,GW
36.384,GW
36.253,GW
36.276,GW
35.805,GW
35.435,GW
35.886,GW
36.648,GW
35.413,GW
32.653,GW
30.85,GW
28.979,GW
27.925,GW
27.428,GW
27.33,GW
27.704,GW
29.591,GW
32.189,GW
34.86,GW
36.644,GW
37.155,GW
37.536,GW
38.127,GW
38.215,GW
37.409,GW
37.18,GW
37.097,GW
37.096,GW
36.522,GW
36.203,GW
36.514,GW
37.358,GW
36.067,GW
33.148,GW
31.25,GW
29.463,GW
28.378,GW
27.751,GW
27.558,GW
27.83,GW
29.494,GW
31.736,GW
34.173,GW
35.962,GW
36.791,GW
37.491,GW
38.19,GW
38.08,GW
37.414,GW
37.107,GW
36.891,GW
36.812,GW
36.216,GW
35.916,GW
36.456,GW
37.233,GW
35.846,GW
32.884,GW
31.133,GW
29.539,GW
28.298,GW
27.898,GW
27.767,GW
28.142,GW
30.157,GW
32.537,GW
35.082,GW
36.904,GW
37.574,GW
37.856,GW
38.512,GW
38.5,GW
37.437,GW
37.1,GW
36.882,GW
36.768,GW
36.206,GW
36.059,GW
36.509,GW
37.188,GW
35.526,GW
32.915,GW
31.201,GW
29.686,GW
28.559,GW
27.992,GW
27.709,GW
28.096,GW
29.844,GW
32.153,GW
34.57,GW
36.404,GW
37.382,GW
37.738,GW
37.977,GW
37.467,GW
36.447,GW
35.74,GW
35.249,GW
34.98,GW
34.439,GW
34.258,GW
34.664,GW
35.263,GW
34.262,GW
31.884,GW
30.405,GW
28.748,GW
27.467,GW
26.665,GW
26.216,GW
25.917,GW
26.047,GW
26.25,GW
28.287,GW
30.894,GW
32.434,GW
33.058,GW
33.237,GW
33.233,GW
32.269,GW
30.821,GW
29.946,GW
29.653,GW
29.607,GW
29.913,GW
30.526,GW
31.849,GW
31.381,GW
29.577,GW
27.99,GW
26.263,GW
24.942,GW
24.184,GW
23.87,GW
23.718,GW
23.721,GW
23.291,GW
24.64,GW
26.625,GW
28.642,GW
29.713,GW
30.283,GW
30.704,GW
30.306,GW
28.935,GW
27.875,GW
27.514,GW
27.765,GW
28.534,GW
29.632,GW
31.399,GW
31.716,GW
29.717,GW
27.824,GW
26.201,GW
25.172,GW
24.928,GW
24.973,GW
25.611,GW
28.036,GW
30.974,GW
34.155,GW
36.213,GW
37.013,GW
37.207,GW
37.698,GW
37.421,GW
36.408,GW
36.055,GW
35.745,GW
35.565,GW
34.961,GW
34.702,GW
35.361,GW
36.341,GW
34.969,GW
32.233,GW
30.356,GW
28.591,GW
27.595,GW
27.179,GW
27.182,GW
27.466,GW
29.461,GW
32.094,GW
35.039,GW
36.69,GW
37.383,GW
37.745,GW
38.212,GW
38.015,GW
37.073,GW
36.519,GW
36.198,GW
36.07,GW
35.444,GW
35.197,GW
35.72,GW
36.334,GW
35.28,GW
32.547,GW
30.681,GW
28.997,GW
27.852,GW
27.439,GW
27.385,GW
27.829,GW
29.639,GW
32.109,GW
34.982,GW
36.812,GW
37.446,GW
37.729,GW
37.982,GW
38.208,GW
37.516,GW
37.223,GW
36.896,GW
36.852,GW
36.208,GW
35.952,GW
36.381,GW
36.904,GW
35.741,GW
32.799,GW
30.808,GW
29.02,GW
27.843,GW
27.337,GW
27.215,GW
27.608,GW
29.374,GW
31.92,GW
34.646,GW
36.474,GW
37.303,GW
37.748,GW
38.547,GW
38.522,GW
37.629,GW
37.292,GW
37.052,GW
36.91,GW
36.252,GW
36.025,GW
36.351,GW
36.907,GW
35.661,GW
32.734,GW
31.053,GW
29.444,GW
28.284,GW
27.814,GW
27.595,GW
27.937,GW
29.685,GW
32.212,GW
34.915,GW
36.867,GW
37.522,GW
37.874,GW
38.448,GW
38.291,GW
37.247,GW
36.609,GW
36.177,GW
35.831,GW
35.273,GW
35.019,GW
35.258,GW
35.49,GW
34.467,GW
32.146,GW
30.716,GW
29.003,GW
27.663,GW
26.712,GW
26.341,GW
26.192,GW
26.279,GW
26.63,GW
28.705,GW
31.173,GW
32.872,GW
33.351,GW
33.621,GW
33.772,GW
32.831,GW
31.545,GW
30.562,GW
30.159,GW
30.078,GW
30.385,GW
30.85,GW
31.9,GW
31.849,GW
30.302,GW
28.388,GW
26.658,GW
25.221,GW
24.402,GW
23.979,GW
23.745,GW
23.58,GW
23.47,GW
24.852,GW
26.725,GW
28.314,GW
29.273,GW
29.677,GW
30.043,GW
29.792,GW
28.588,GW
27.801,GW
27.482,GW
27.848,GW
28.46,GW
29.669,GW
31.176,GW
32.003,GW
30.27,GW
28.247,GW
26.562,GW
25.545,GW
25.118,GW
25.058,GW
25.612,GW
27.835,GW
30.717,GW
33.935,GW
35.978,GW
36.859,GW
37.259,GW
38.002,GW
38.086,GW
37.294,GW
36.866,GW
36.837,GW
36.747,GW
36.27,GW
36.1,GW
36.387,GW
36.882,GW
35.608,GW
32.699,GW
30.903,GW
29.103,GW
28.043,GW
27.573,GW
27.457,GW
27.828,GW
29.444,GW
32.033,GW
34.787,GW
36.643,GW
37.486,GW
38.004,GW
38.723,GW
38.701,GW
38.006,GW
37.401,GW
37.215,GW
37.161,GW
36.662,GW
36.248,GW
36.679,GW
36.942,GW
35.774,GW
32.984,GW
30.99,GW
29.303,GW
28.232,GW
27.717,GW
27.529,GW
27.835,GW
29.587,GW
32.245,GW
35.041,GW
36.718,GW
37.459,GW
37.979,GW
38.621,GW
38.725,GW
37.806,GW
37.417,GW
37.285,GW
37.279,GW
36.657,GW
36.414,GW
36.579,GW
36.776,GW
35.638,GW
32.796,GW
30.902,GW
29.23,GW
27.999,GW
27.414,GW
27.284,GW
27.649,GW
29.351,GW
31.844,GW
34.588,GW
36.381,GW
37.194,GW
37.827,GW
38.7,GW
38.822,GW
37.909,GW
37.531,GW
37.443,GW
37.448,GW
36.877,GW
36.592,GW
36.573,GW
36.793,GW
35.77,GW
33.182,GW
31.324,GW
29.592,GW
28.326,GW
27.758,GW
27.507,GW
27.837,GW
29.374,GW
31.923,GW
34.486,GW
36.466,GW
37.815,GW
38.616,GW
39.311,GW
39.279,GW
38.481,GW
37.906,GW
37.526,GW
37.266,GW
36.824,GW
36.483,GW
36.212,GW
36.03,GW
35.356,GW
33.151,GW
31.701,GW
29.843,GW
28.395,GW
27.46,GW
27.008,GW
26.653,GW
26.424,GW
26.865,GW
29.024,GW
31.869,GW
33.482,GW
34.261,GW
34.696,GW
35.07,GW
34.292,GW
33.126,GW
32.276,GW
32.001,GW
31.945,GW
32.159,GW
32.614,GW
32.97,GW
32.85,GW
31.135,GW
29.268,GW
27.463,GW
26.176,GW
25.291,GW
24.917,GW
24.628,GW
24.202,GW
24.038,GW
25.486,GW
27.62,GW
29.365,GW
30.449,GW
31.089,GW
31.759,GW
31.572,GW
30.541,GW
29.979,GW
29.687,GW
29.781,GW
30.309,GW
31.148,GW
32.48,GW
33.13,GW
31.268,GW
29.225,GW
27.58,GW
26.51,GW
25.941,GW
25.834,GW
26.431,GW
28.647,GW
31.648,GW
34.385,GW
36.366,GW
37.691,GW
38.618,GW
39.495,GW
39.794,GW
39.089,GW
39.022,GW
38.983,GW
39.136,GW
38.346,GW
37.751,GW
37.587,GW
37.625,GW
36.462,GW
33.725,GW
32.047,GW
30.25,GW
29.038,GW
28.439,GW
28.29,GW
28.701,GW
30.325,GW
32.91,GW
35.436,GW
37.291,GW
38.336,GW
39.1,GW
39.935,GW
39.932,GW
39.042,GW
38.786,GW
38.637,GW
38.626,GW
37.85,GW
37.289,GW
37.245,GW
37.255,GW
36.195,GW
33.518,GW
31.891,GW
30.152,GW
29.037,GW
28.443,GW
28.237,GW
28.645,GW
30.288,GW
32.79,GW
35.165,GW
36.732,GW
37.664,GW
38.174,GW
38.729,GW
38.831,GW
37.879,GW
37.222,GW
37.087,GW
36.991,GW
36.246,GW
35.859,GW
36.229,GW
36.412,GW
35.475,GW
32.893,GW
31.196,GW
29.515,GW
28.402,GW
27.826,GW
27.766,GW
27.955,GW
29.563,GW
32.019,GW
34.572,GW
36.238,GW
37.097,GW
37.646,GW
38.266,GW
38.342,GW
37.472,GW
37.165,GW
37.193,GW
37.037,GW
36.559,GW
36.348,GW
36.473,GW
36.693,GW
35.662,GW
33.072,GW
31.472,GW
29.79,GW
28.634,GW
28.077,GW
27.969,GW
28.24,GW
29.881,GW
32.144,GW
34.637,GW
36.411,GW
37.201,GW
37.803,GW
38.342,GW
38.226,GW
37.189,GW
36.557,GW
36.395,GW
36.243,GW
35.81,GW
35.402,GW
35.256,GW
35.237,GW
34.55,GW
32.204,GW
30.833,GW
29.174,GW
27.762,GW
26.864,GW
26.457,GW
26.399,GW
26.254,GW
26.682,GW
28.751,GW
31.182,GW
32.871,GW
33.617,GW
33.872,GW
34.078,GW
33.199,GW
32.076,GW
31.38,GW
31.025,GW
30.698,GW
30.863,GW
31.16,GW
32.046,GW
32.127,GW
30.435,GW
28.388,GW
26.833,GW
25.638,GW
24.886,GW
24.47,GW
24.223,GW
24.136,GW
23.991,GW
25.281,GW
27.082,GW
28.822,GW
29.947,GW
30.497,GW
31.043,GW
30.655,GW
29.322,GW
28.538,GW
28.278,GW
28.24,GW
28.703,GW
29.586,GW
31.013,GW
31.891,GW
30.103,GW
28.419,GW
26.765,GW
25.773,GW
25.277,GW
25.114,GW
25.65,GW
27.434,GW
29.656,GW
31.879,GW
33.331,GW
34.475,GW
35.311,GW
35.908,GW
36.37,GW
35.558,GW
34.832,GW
34.54,GW
34.34,GW
33.948,GW
33.811,GW
34.428,GW
35.003,GW
34.347,GW
31.764,GW
30.227,GW
28.766,GW
27.638,GW
27.148,GW
27.006,GW
27.318,GW
29.06,GW
31.701,GW
34.453,GW
36.101,GW
37.073,GW
37.512,GW
37.977,GW
37.809,GW
36.725,GW
36.337,GW
36.236,GW
36.193,GW
35.726,GW
35.739,GW
36.092,GW
36.143,GW
35.345,GW
32.863,GW
31.2,GW
29.477,GW
28.265,GW
27.851,GW
27.727,GW
28.142,GW
29.748,GW
32.293,GW
34.926,GW
36.519,GW
37.279,GW
37.716,GW
38.381,GW
38.175,GW
37.018,GW
36.638,GW
36.538,GW
36.56,GW
36.035,GW
35.854,GW
36.098,GW
36.312,GW
35.591,GW
32.944,GW
31.353,GW
29.7,GW
28.552,GW
28.023,GW
27.846,GW
28.226,GW
29.752,GW
32.277,GW
34.783,GW
36.264,GW
37.035,GW
37.548,GW
38.281,GW
38.266,GW
37.3,GW
36.897,GW
36.786,GW
36.809,GW
36.452,GW
36.251,GW
36.468,GW
36.362,GW
35.627,GW
33.148,GW
31.537,GW
29.9,GW
28.712,GW
28.202,GW
28.045,GW
28.38,GW
29.944,GW
32.407,GW
34.828,GW
36.68,GW
37.652,GW
38.055,GW
38.714,GW
38.446,GW
37.614,GW
36.905,GW
36.752,GW
36.515,GW
35.923,GW
35.59,GW
35.389,GW
35.268,GW
34.755,GW
32.579,GW
31.187,GW
29.259,GW
27.926,GW
27.341,GW
26.836,GW
26.514,GW
26.352,GW
26.842,GW
28.913,GW
31.244,GW
33.151,GW
33.818,GW
34.284,GW
34.425,GW
33.48,GW
32.147,GW
31.329,GW
30.991,GW
30.869,GW
31.01,GW
31.409,GW
31.886,GW
32.185,GW
30.601,GW
28.838,GW
27.165,GW
25.899,GW
25.078,GW
24.636,GW
24.348,GW
24.12,GW
23.894,GW
25.279,GW
27.235,GW
28.972,GW
30.219,GW
30.805,GW
31.136,GW
30.824,GW
29.543,GW
28.733,GW
28.51,GW
28.597,GW
29.154,GW
30.124,GW
31.387,GW
32.248,GW
30.642,GW
28.627,GW
27.174,GW
25.997,GW
25.323,GW
25.232,GW
26.214,GW
28.289,GW
31.14,GW
34.01,GW
36.338,GW
37.486,GW
37.945,GW
38.704,GW
38.848,GW
38.026,GW
37.502,GW
37.367,GW
37.371,GW
36.886,GW
36.66,GW
36.775,GW
36.779,GW
35.833,GW
33.258,GW
31.616,GW
29.953,GW
28.663,GW
28.166,GW
27.987,GW
28.343,GW
29.882,GW
32.219,GW
34.95,GW
37.117,GW
38.279,GW
38.658,GW
39.505,GW
39.61,GW
38.758,GW
38.29,GW
38.114,GW
38.037,GW
37.573,GW
37.095,GW
37.196,GW
37.094,GW
36.176,GW
33.491,GW
31.934,GW
30.095,GW
28.999,GW
28.463,GW
28.196,GW
28.572,GW
30.179,GW
32.69,GW
35.278,GW
37.469,GW
38.499,GW
39.009,GW
39.888,GW
39.785,GW
38.815,GW
38.347,GW
38.235,GW
38.152,GW
37.63,GW
37.289,GW
37.065,GW
36.799,GW
36.007,GW
33.426,GW
32.044,GW
30.244,GW
28.962,GW
28.444,GW
28.183,GW
28.41,GW
29.654,GW
31.631,GW
33.62,GW
35.387,GW
36.512,GW
37.335,GW
38.143,GW
38.369,GW
37.25,GW
36.341,GW
36.025,GW
35.83,GW
35.426,GW
35.36,GW
35.431,GW
35.514,GW
34.906,GW
32.642,GW
31.399,GW
29.756,GW
28.493,GW
27.978,GW
27.762,GW
28.101,GW
29.637,GW
32.047,GW
34.438,GW
36.566,GW
37.681,GW
38.218,GW
38.807,GW
38.8,GW
37.795,GW
37.086,GW
36.819,GW
36.65,GW
36.102,GW
35.894,GW
35.61,GW
35.236,GW
34.629,GW
32.58,GW
31.41,GW
29.749,GW
28.419,GW
27.634,GW
27.168,GW
26.926,GW
26.753,GW
27.207,GW
29.238,GW
31.731,GW
33.743,GW
34.6,GW
34.942,GW
35.276,GW
34.584,GW
33.34,GW
32.446,GW
32.335,GW
32.132,GW
32.201,GW
32.534,GW
33,GW
33.183,GW
31.287,GW
29.394,GW
27.805,GW
26.444,GW
25.603,GW
25.07,GW
24.96,GW
24.675,GW
24.464,GW
25.922,GW
27.758,GW
29.71,GW
30.957,GW
31.666,GW
32.434,GW
32.436,GW
31.265,GW
30.607,GW
30.398,GW
30.312,GW
30.643,GW
31.192,GW
31.841,GW
32.568,GW
31.028,GW
29.294,GW
27.718,GW
26.588,GW
25.891,GW
25.609,GW
25.872,GW
27.022,GW
28.716,GW
30.771,GW
33.273,GW
34.707,GW
35.429,GW
36.32,GW
36.645,GW
36.154,GW
35.367,GW
35.015,GW
34.996,GW
34.746,GW
34.742,GW
34.889,GW
35.007,GW
35.017,GW
32.842,GW
31.488,GW
29.686,GW
28.682,GW
28.056,GW
27.942,GW
28.347,GW
30.172,GW
32.578,GW
35.238,GW
38.064,GW
39.364,GW
40.063,GW
41.097,GW
41.11,GW
40.524,GW
40.291,GW
40.329,GW
40.347,GW
39.648,GW
39.201,GW
38.927,GW
38.417,GW
37.714,GW
35.291,GW
33.493,GW
31.559,GW
30.316,GW
29.565,GW
29.363,GW
29.657,GW
31.17,GW
33.574,GW
36.364,GW
39.183,GW
40.616,GW
41.362,GW
42.309,GW
42.558,GW
41.873,GW
41.445,GW
41.468,GW
41.532,GW
40.76,GW
40.216,GW
39.747,GW
39.316,GW
38.658,GW
36.056,GW
34.121,GW
31.974,GW
30.511,GW
29.722,GW
29.412,GW
29.725,GW
31.366,GW
33.688,GW
36.571,GW
39.503,GW
41.004,GW
41.811,GW
42.941,GW
43.43,GW
43.006,GW
42.775,GW
42.797,GW
42.846,GW
42.145,GW
41.515,GW
40.884,GW
40.181,GW
39.57,GW
36.913,GW
34.841,GW
32.616,GW
30.969,GW
30.173,GW
29.897,GW
30.073,GW
31.639,GW
34.025,GW
36.613,GW
39.827,GW
41.617,GW
42.707,GW
44.003,GW
44.449,GW
43.913,GW
43.627,GW
43.533,GW
43.313,GW
42.479,GW
41.986,GW
41.218,GW
40.203,GW
39.296,GW
36.946,GW
35.376,GW
33.155,GW
31.308,GW
30.264,GW
29.562,GW
29.106,GW
28.639,GW
28.881,GW
31.043,GW
33.961,GW
36.22,GW
37.592,GW
38.696,GW
39.423,GW
39.174,GW
38.45,GW
37.681,GW
37.439,GW
37.287,GW
37.175,GW
36.99,GW
36.821,GW
36.642,GW
34.927,GW
32.666,GW
30.589,GW
28.95,GW
27.909,GW
27.13,GW
26.877,GW
26.482,GW
26.259,GW
27.626,GW
29.604,GW
31.677,GW
33.297,GW
34.404,GW
35.366,GW
35.789,GW
35.217,GW
34.634,GW
34.497,GW
34.531,GW
34.871,GW
35.43,GW
36.108,GW
37.06,GW
35.233,GW
32.68,GW
30.609,GW
29.043,GW
28.366,GW
28.15,GW
28.507,GW
30.567,GW
33.206,GW
36.128,GW
38.722,GW
40.644,GW
41.447,GW
42.864,GW
43.422,GW
43.096,GW
42.951,GW
42.858,GW
42.856,GW
41.89,GW
41.209,GW
40.624,GW
40.057,GW
38.952,GW
36.303,GW
34.212,GW
32.19,GW
30.795,GW
30.025,GW
29.782,GW
30.011,GW
31.673,GW
34.026,GW
36.819,GW
39.754,GW
41.292,GW
42.115,GW
43.062,GW
43.559,GW
43.191,GW
42.889,GW
42.894,GW
42.716,GW
41.827,GW
41.231,GW
40.664,GW
40.282,GW
39.492,GW
36.844,GW
34.737,GW
32.613,GW
31.051,GW
30.252,GW
29.975,GW
30.193,GW
31.866,GW
34.192,GW
37.117,GW
39.769,GW
41.155,GW
42.041,GW
43.122,GW
43.54,GW
42.865,GW
42.52,GW
42.305,GW
42.17,GW
41.288,GW
40.839,GW
40.372,GW
40.025,GW
39.187,GW
36.473,GW
34.506,GW
32.309,GW
30.922,GW
30.164,GW
29.936,GW
30.131,GW
31.656,GW
34,GW
36.849,GW
39.669,GW
41.044,GW
41.751,GW
42.852,GW
43.211,GW
42.602,GW
42.353,GW
42.328,GW
42.282,GW
41.597,GW
41.168,GW
40.684,GW
40.211,GW
39.405,GW
36.884,GW
34.962,GW
32.845,GW
31.263,GW
30.53,GW
30.158,GW
30.419,GW
32.015,GW
34.236,GW
37.046,GW
40.008,GW
41.632,GW
42.342,GW
43.436,GW
43.673,GW
42.862,GW
42.186,GW
41.915,GW
41.736,GW
41.058,GW
40.495,GW
39.783,GW
39.014,GW
38.276,GW
36.133,GW
34.533,GW
32.555,GW
31.021,GW
30.036,GW
29.387,GW
29.008,GW
28.943,GW
29.13,GW
30.907,GW
33.401,GW
35.558,GW
36.85,GW
37.689,GW
38.339,GW
37.849,GW
37.006,GW
36.446,GW
35.936,GW
35.629,GW
35.731,GW
35.803,GW
35.953,GW
35.553,GW
33.79,GW
31.823,GW
29.937,GW
28.36,GW
27.383,GW
26.824,GW
26.506,GW
26.293,GW
25.966,GW
27.184,GW
29.287,GW
31.264,GW
32.802,GW
33.901,GW
34.747,GW
34.979,GW
34.305,GW
33.58,GW
33.244,GW
33.193,GW
33.391,GW
33.964,GW
34.769,GW
35.738,GW
34.037,GW
31.886,GW
30.081,GW
28.92,GW
28.124,GW
27.851,GW
28.375,GW
30.701,GW
33.362,GW
36.435,GW
39.326,GW
40.628,GW
41.394,GW
42.254,GW
42.267,GW
41.356,GW
40.679,GW
40.312,GW
40.133,GW
39.348,GW
38.968,GW
38.676,GW
38.477,GW
37.57,GW
34.899,GW
33.079,GW
31.188,GW
30.037,GW
29.328,GW
29.095,GW
29.456,GW
31.017,GW
33.183,GW
35.577,GW
38.31,GW
39.709,GW
40.47,GW
41.382,GW
41.664,GW
40.933,GW
40.177,GW
40.058,GW
39.95,GW
39.268,GW
38.918,GW
38.723,GW
38.501,GW
37.959,GW
35.412,GW
33.535,GW
31.605,GW
30.284,GW
29.526,GW
29.134,GW
29.406,GW
31.11,GW
33.292,GW
35.871,GW
38.401,GW
39.995,GW
40.911,GW
42.045,GW
42.6,GW
42.075,GW
41.803,GW
41.684,GW
41.557,GW
40.985,GW
40.489,GW
39.951,GW
39.577,GW
38.874,GW
36.371,GW
34.462,GW
32.312,GW
30.97,GW
30.285,GW
29.835,GW
30.027,GW
31.594,GW
33.773,GW
36.617,GW
39.793,GW
41.689,GW
42.963,GW
44.45,GW
44.798,GW
44.124,GW
43.923,GW
43.913,GW
43.913,GW
43.166,GW
42.637,GW
41.858,GW
41.206,GW
40.548,GW
37.989,GW
35.977,GW
33.686,GW
31.887,GW
31.069,GW
30.677,GW
30.746,GW
32.394,GW
34.668,GW
37.547,GW
40.751,GW
42.706,GW
43.594,GW
44.999,GW
45.637,GW
44.929,GW
44.364,GW
44.021,GW
43.513,GW
42.192,GW
41.671,GW
40.964,GW
40.077,GW
39.188,GW
36.717,GW
35.188,GW
33.009,GW
31.364,GW
30.276,GW
29.654,GW
29.221,GW
29.199,GW
29.348,GW
31.331,GW
33.957,GW
36.236,GW
37.478,GW
38.339,GW
38.732,GW
38.327,GW
37.601,GW
36.866,GW
36.4,GW
36.14,GW
35.893,GW
35.742,GW
35.567,GW
35.403,GW
33.563,GW
31.732,GW
29.741,GW
28.42,GW
27.45,GW
26.883,GW
26.47,GW
26.255,GW
25.818,GW
27.049,GW
29.138,GW
31.025,GW
32.299,GW
33.264,GW
34.062,GW
34.241,GW
33.357,GW
32.743,GW
32.546,GW
32.647,GW
32.853,GW
33.373,GW
34.263,GW
35.482,GW
33.877,GW
31.701,GW
29.936,GW
28.495,GW
27.741,GW
27.45,GW
28.038,GW
30.299,GW
32.812,GW
35.902,GW
38.905,GW
40.808,GW
41.718,GW
43.005,GW
43.529,GW
43.069,GW
42.797,GW
42.835,GW
42.705,GW
41.803,GW
41.217,GW
40.643,GW
40.127,GW
39.465,GW
36.709,GW
34.723,GW
32.646,GW
30.973,GW
30.272,GW
29.883,GW
30.072,GW
31.759,GW
33.656,GW
36.48,GW
39.392,GW
41.105,GW
42.008,GW
43.168,GW
43.646,GW
43.167,GW
42.873,GW
42.63,GW
42.379,GW
41.428,GW
40.675,GW
40.099,GW
39.535,GW
38.722,GW
36.317,GW
34.247,GW
32.182,GW
30.659,GW
29.951,GW
29.577,GW
29.847,GW
31.606,GW
33.838,GW
36.603,GW
39.413,GW
40.846,GW
41.684,GW
42.788,GW
43.214,GW
42.527,GW
42.068,GW
41.814,GW
41.614,GW
40.709,GW
39.982,GW
39.365,GW
38.898,GW
38.14,GW
35.588,GW
33.78,GW
31.85,GW
30.436,GW
29.715,GW
29.375,GW
29.708,GW
31.382,GW
33.501,GW
36.249,GW
39.168,GW
40.768,GW
41.697,GW
42.937,GW
43.493,GW
43.068,GW
42.844,GW
42.795,GW
42.534,GW
41.757,GW
41.219,GW
40.589,GW
40.162,GW
39.477,GW
37.009,GW
34.927,GW
32.696,GW
31.174,GW
30.407,GW
29.978,GW
30.195,GW
31.939,GW
33.984,GW
36.808,GW
39.839,GW
41.634,GW
42.684,GW
43.954,GW
44.584,GW
44.003,GW
43.477,GW
43.249,GW
42.919,GW
42.1,GW
41.42,GW
40.706,GW
39.925,GW
39.127,GW
36.828,GW
35.169,GW
32.995,GW
31.229,GW
30.081,GW
29.575,GW
29.119,GW
29.161,GW
29.198,GW
31.007,GW
33.76,GW
36.237,GW
37.422,GW
38.283,GW
38.953,GW
38.701,GW
38,GW
37.408,GW
37.028,GW
36.669,GW
36.666,GW
36.687,GW
36.738,GW
36.586,GW
34.562,GW
32.546,GW
30.492,GW
28.969,GW
27.922,GW
27.252,GW
26.931,GW
26.749,GW
26.256,GW
27.344,GW
29.52,GW
31.405,GW
32.978,GW
34.201,GW
35.259,GW
35.782,GW
35.232,GW
34.677,GW
34.39,GW
34.228,GW
34.421,GW
34.87,GW
35.843,GW
37.038,GW
35.299,GW
33.063,GW
31.071,GW
29.588,GW
28.742,GW
28.366,GW
28.669,GW
31.009,GW
33.379,GW
36.689,GW
40.202,GW
42.313,GW
43.603,GW
45.299,GW
46.003,GW
45.852,GW
45.756,GW
45.639,GW
45.299,GW
44.303,GW
43.562,GW
42.784,GW
42.332,GW
41.273,GW
38.444,GW
36.194,GW
33.863,GW
32.322,GW
31.407,GW
30.881,GW
31.128,GW
32.846,GW
34.984,GW
37.789,GW
41.123,GW
43.254,GW
44.398,GW
45.903,GW
46.609,GW
46.269,GW
46.101,GW
46.025,GW
45.739,GW
44.841,GW
43.838,GW
42.661,GW
42.36,GW
41.348,GW
38.373,GW
36.334,GW
34.016,GW
32.495,GW
31.559,GW
31.108,GW
31.14,GW
32.903,GW
34.839,GW
37.61,GW
41.039,GW
43.08,GW
44.282,GW
45.8,GW
46.441,GW
46.182,GW
46.031,GW
45.828,GW
45.663,GW
44.66,GW
43.877,GW
42.875,GW
42.353,GW
41.41,GW
38.67,GW
36.543,GW
34.14,GW
32.341,GW
31.481,GW
30.817,GW
30.866,GW
32.348,GW
34.003,GW
36.469,GW
39.652,GW
41.68,GW
43.013,GW
44.581,GW
45.268,GW
44.911,GW
44.677,GW
44.574,GW
44.155,GW
43.181,GW
42.173,GW
41.305,GW
40.775,GW
40.065,GW
37.549,GW
35.506,GW
33.234,GW
31.709,GW
30.86,GW
30.328,GW
30.359,GW
32.265,GW
34.182,GW
36.704,GW
39.825,GW
41.547,GW
42.48,GW
43.521,GW
43.729,GW
42.938,GW
42.207,GW
41.825,GW
41.386,GW
40.433,GW
39.629,GW
38.927,GW
38.402,GW
37.455,GW
35.212,GW
33.894,GW
31.937,GW
30.263,GW
29.424,GW
28.747,GW
28.347,GW
28.545,GW
28.618,GW
30.157,GW
32.622,GW
34.493,GW
35.371,GW
35.706,GW
36.134,GW
35.577,GW
34.761,GW
34.046,GW
33.553,GW
33.291,GW
33.481,GW
33.641,GW
34.153,GW
33.975,GW
32.075,GW
30.232,GW
28.533,GW
27.12,GW
26.263,GW
25.735,GW
25.424,GW
25.423,GW
24.905,GW
25.859,GW
27.752,GW
29.566,GW
30.833,GW
31.69,GW
32.388,GW
32.445,GW
31.655,GW
31.012,GW
30.736,GW
30.632,GW
30.961,GW
31.683,GW
33.041,GW
34.303,GW
32.638,GW
30.545,GW
28.682,GW
27.385,GW
26.731,GW
26.562,GW
27.069,GW
29.226,GW
31.442,GW
34.149,GW
37.298,GW
39.204,GW
40.187,GW
41.345,GW
41.824,GW
41.207,GW
40.475,GW
40.346,GW
40.203,GW
39.468,GW
38.83,GW
38.391,GW
38.396,GW
37.551,GW
34.917,GW
33.099,GW
31.03,GW
29.723,GW
29.021,GW
28.608,GW
28.92,GW
30.804,GW
32.693,GW
35.062,GW
37.899,GW
39.56,GW
40.384,GW
41.317,GW
41.587,GW
40.857,GW
40.28,GW
40.112,GW
39.868,GW
39.07,GW
38.515,GW
38.068,GW
38.26,GW
37.466,GW
34.852,GW
33.035,GW
30.947,GW
29.489,GW
28.8,GW
28.405,GW
28.662,GW
30.38,GW
32.153,GW
34.232,GW
37.018,GW
38.642,GW
39.548,GW
40.566,GW
40.961,GW
40.27,GW
39.757,GW
39.727,GW
39.551,GW
38.94,GW
38.325,GW
37.868,GW
38.031,GW
37.259,GW
34.686,GW
33.097,GW
31.21,GW
29.773,GW
29.023,GW
28.655,GW
28.971,GW
30.872,GW
32.769,GW
35.479,GW
38.434,GW
39.945,GW
40.958,GW
42.182,GW
42.56,GW
41.912,GW
41.413,GW
41.145,GW
41.017,GW
40.406,GW
39.624,GW
39.117,GW
39.097,GW
38.132,GW
35.655,GW
33.33,GW
31.3,GW
29.851,GW
29.086,GW
28.684,GW
28.942,GW
30.605,GW
32.333,GW
35.097,GW
38.015,GW
39.854,GW
41.155,GW
42.304,GW
42.649,GW
41.935,GW
41.22,GW
40.844,GW
40.516,GW
39.962,GW
39.268,GW
38.612,GW
38.456,GW
37.461,GW
35.046,GW
32.996,GW
30.97,GW
29.343,GW
28.338,GW
27.724,GW
27.406,GW
27.643,GW
27.71,GW
29.292,GW
31.877,GW
34.054,GW
35.319,GW
36.273,GW
36.852,GW
36.777,GW
36.058,GW
35.437,GW
35.026,GW
34.751,GW
34.724,GW
34.731,GW
35.449,GW
34.988,GW
32.942,GW
30.99,GW
29.191,GW
27.705,GW
26.798,GW
26.118,GW
25.895,GW
25.945,GW
25.417,GW
26.372,GW
28.292,GW
30.288,GW
31.782,GW
32.872,GW
33.8,GW
34.199,GW
33.546,GW
32.904,GW
32.596,GW
32.377,GW
32.602,GW
33.046,GW
34.426,GW
35.011,GW
33.132,GW
30.964,GW
28.976,GW
27.636,GW
26.978,GW
26.653,GW
26.936,GW
28.859,GW
30.717,GW
33.516,GW
36.731,GW
38.636,GW
40.017,GW
41.316,GW
42.125,GW
42,GW
41.476,GW
41.248,GW
41.041,GW
40.46,GW
39.645,GW
39.193,GW
39.594,GW
38.641,GW
35.896,GW
33.411,GW
31.142,GW
29.718,GW
28.85,GW
28.468,GW
28.688,GW
30.371,GW
32.091,GW
34.808,GW
37.805,GW
39.717,GW
40.961,GW
42.205,GW
42.876,GW
42.627,GW
42.186,GW
41.944,GW
41.536,GW
40.709,GW
40.024,GW
39.527,GW
39.95,GW
38.866,GW
35.952,GW
33.463,GW
31.301,GW
29.872,GW
29.053,GW
28.768,GW
28.962,GW
30.604,GW
32.415,GW
34.96,GW
37.91,GW
39.52,GW
40.757,GW
41.933,GW
42.299,GW
41.607,GW
40.842,GW
40.573,GW
40.261,GW
39.628,GW
39.033,GW
38.683,GW
39.393,GW
38.369,GW
35.75,GW
33.393,GW
31.343,GW
29.791,GW
28.947,GW
28.65,GW
28.75,GW
30.341,GW
31.954,GW
34.674,GW
37.978,GW
40.032,GW
41.45,GW
42.744,GW
43.361,GW
43.008,GW
42.452,GW
42.257,GW
42.006,GW
41.3,GW
40.44,GW
39.89,GW
40.321,GW
39.401,GW
36.726,GW
34.095,GW
31.927,GW
30.321,GW
29.442,GW
29.004,GW
29.009,GW
30.606,GW
32.192,GW
34.63,GW
37.964,GW
40.152,GW
41.507,GW
42.692,GW
43.424,GW
42.885,GW
42.207,GW
41.85,GW
41.424,GW
40.615,GW
39.772,GW
39.097,GW
39.298,GW
38.321,GW
35.861,GW
33.74,GW
31.556,GW
29.889,GW
28.744,GW
27.973,GW
27.66,GW
27.939,GW
28.006,GW
29.452,GW
32.279,GW
34.587,GW
35.718,GW
36.685,GW
37.436,GW
37.29,GW
36.493,GW
35.931,GW
35.388,GW
35.034,GW
34.88,GW
34.844,GW
35.756,GW
34.981,GW
32.903,GW
31.017,GW
29.103,GW
27.607,GW
26.685,GW
26.047,GW
25.802,GW
25.922,GW
25.392,GW
26.035,GW
27.898,GW
29.857,GW
31.314,GW
32.405,GW
33.224,GW
33.461,GW
32.626,GW
32,GW
31.541,GW
31.399,GW
31.453,GW
31.853,GW
33.641,GW
33.913,GW
32.022,GW
29.88,GW
28.199,GW
26.913,GW
26.174,GW
25.829,GW
26.102,GW
27.536,GW
29.1,GW
31.333,GW
34.087,GW
35.68,GW
36.721,GW
37.608,GW
38.072,GW
37.636,GW
37.008,GW
36.624,GW
36.261,GW
35.926,GW
35.51,GW
35.297,GW
36.487,GW
35.444,GW
32.861,GW
30.647,GW
28.684,GW
27.494,GW
26.839,GW
26.462,GW
26.672,GW
28.054,GW
29.319,GW
31.184,GW
33.711,GW
35.24,GW
36.27,GW
37.414,GW
38.082,GW
37.599,GW
36.927,GW
36.659,GW
36.399,GW
36.011,GW
35.547,GW
35.503,GW
36.795,GW
35.618,GW
33.068,GW
30.963,GW
29.011,GW
27.656,GW
26.87,GW
26.46,GW
26.678,GW
28.037,GW
29.465,GW
31.407,GW
33.993,GW
35.689,GW
36.855,GW
38.068,GW
38.871,GW
38.554,GW
38.045,GW
37.677,GW
37.426,GW
37.027,GW
36.542,GW
36.163,GW
37.199,GW
35.972,GW
33.549,GW
31.5,GW
29.518,GW
28.015,GW
27.136,GW
26.537,GW
26.309,GW
26.483,GW
26.264,GW
26.964,GW
28.891,GW
30.765,GW
32.257,GW
33.342,GW
34.265,GW
34.317,GW
33.632,GW
33.073,GW
32.78,GW
32.62,GW
32.438,GW
32.773,GW
34.361,GW
34.326,GW
32.442,GW
30.55,GW
28.759,GW
27.429,GW
26.624,GW
26.229,GW
26.389,GW
27.527,GW
28.625,GW
30.426,GW
33.09,GW
34.937,GW
36.148,GW
37.195,GW
38.266,GW
38.322,GW
37.991,GW
37.699,GW
37.385,GW
36.913,GW
36.528,GW
36.304,GW
37.41,GW
36.189,GW
33.883,GW
31.819,GW
29.831,GW
28.21,GW
27.148,GW
26.487,GW
26.394,GW
26.733,GW
26.769,GW
27.912,GW
30.529,GW
32.747,GW
34.256,GW
35.436,GW
36.4,GW
36.48,GW
35.954,GW
35.409,GW
35.03,GW
34.741,GW
34.437,GW
34.517,GW
35.791,GW
34.863,GW
32.673,GW
30.738,GW
28.819,GW
27.331,GW
26.439,GW
25.918,GW
25.708,GW
25.614,GW
25.218,GW
25.808,GW
27.64,GW
29.63,GW
31.37,GW
32.73,GW
33.678,GW
34.177,GW
33.449,GW
32.914,GW
32.452,GW
32.258,GW
32.227,GW
32.54,GW
34.406,GW
34.332,GW
32.491,GW
30.536,GW
28.581,GW
27.279,GW
26.496,GW
26.18,GW
26.523,GW
28.357,GW
30.225,GW
32.467,GW
35.228,GW
37.118,GW
38.374,GW
39.438,GW
40.364,GW
40.181,GW
39.535,GW
39.08,GW
38.714,GW
37.942,GW
37.363,GW
37.293,GW
38.542,GW
36.877,GW
34.282,GW
32.029,GW
30.008,GW
28.681,GW
28.009,GW
27.626,GW
27.774,GW
29.348,GW
31.031,GW
32.997,GW
35.565,GW
37.267,GW
38.339,GW
39.36,GW
39.936,GW
39.269,GW
38.475,GW
38.004,GW
37.666,GW
37.035,GW
36.423,GW
36.508,GW
37.745,GW
36.105,GW
33.608,GW
31.437,GW
29.534,GW
28.241,GW
27.603,GW
27.331,GW
27.581,GW
29.208,GW
30.894,GW
32.703,GW
35.19,GW
36.856,GW
37.816,GW
39.035,GW
39.681,GW
39.477,GW
38.951,GW
38.759,GW
38.415,GW
37.924,GW
37.317,GW
37.135,GW
38.255,GW
36.476,GW
34.076,GW
31.863,GW
30.024,GW
28.59,GW
27.84,GW
27.442,GW
27.662,GW
29.184,GW
30.794,GW
32.733,GW
35.56,GW
37.298,GW
38.672,GW
39.803,GW
40.642,GW
40.214,GW
39.508,GW
39.189,GW
38.857,GW
38.352,GW
37.699,GW
37.5,GW
38.734,GW
36.918,GW
34.376,GW
32.24,GW
30.239,GW
28.802,GW
27.997,GW
27.532,GW
27.768,GW
29.245,GW
30.805,GW
32.661,GW
35.644,GW
37.578,GW
38.872,GW
40.045,GW
40.824,GW
40.379,GW
39.597,GW
39.212,GW
38.906,GW
38.261,GW
37.631,GW
37.311,GW
38.343,GW
36.388,GW
33.916,GW
32.032,GW
30.289,GW
28.7,GW
27.705,GW
26.996,GW
26.621,GW
26.967,GW
27.139,GW
28.176,GW
30.766,GW
32.952,GW
34.283,GW
35.353,GW
36.193,GW
36.035,GW
35.377,GW
34.691,GW
34.261,GW
33.999,GW
33.913,GW
34.14,GW
35.454,GW
33.983,GW
32.126,GW
30.293,GW
28.444,GW
27.075,GW
26.263,GW
25.607,GW
25.351,GW
25.487,GW
25.203,GW
25.57,GW
27.449,GW
29.434,GW
31.026,GW
32.015,GW
33.003,GW
33.346,GW
32.621,GW
32.012,GW
31.561,GW
31.283,GW
31.141,GW
31.886,GW
34.076,GW
33.611,GW
31.753,GW
29.782,GW
28.251,GW
27.185,GW
26.667,GW
26.335,GW
26.835,GW
28.959,GW
31.502,GW
33.863,GW
36.563,GW
38.485,GW
39.706,GW
40.685,GW
41.126,GW
40.496,GW
39.663,GW
39.3,GW
39.17,GW
38.294,GW
37.626,GW
37.855,GW
39.119,GW
36.916,GW
34.165,GW
31.939,GW
30.021,GW
28.819,GW
28.096,GW
27.683,GW
27.895,GW
29.728,GW
31.876,GW
34.091,GW
36.794,GW
38.408,GW
39.555,GW
40.473,GW
40.58,GW
39.625,GW
38.804,GW
38.39,GW
38.01,GW
37.493,GW
37.045,GW
37.302,GW
38.579,GW
36.467,GW
33.84,GW
31.571,GW
29.728,GW
28.414,GW
27.829,GW
27.549,GW
27.862,GW
29.728,GW
31.922,GW
34.116,GW
36.824,GW
38.534,GW
39.832,GW
40.832,GW
41.301,GW
40.833,GW
40.025,GW
39.76,GW
39.316,GW
38.794,GW
38.079,GW
38.158,GW
39.461,GW
37.156,GW
34.535,GW
32.426,GW
30.507,GW
29.138,GW
28.459,GW
28.132,GW
28.335,GW
30.186,GW
32.415,GW
34.549,GW
37.324,GW
39.052,GW
40.427,GW
41.655,GW
42.237,GW
41.647,GW
40.822,GW
40.404,GW
40.163,GW
39.512,GW
38.983,GW
38.918,GW
40.035,GW
37.85,GW
35.429,GW
33.089,GW
31.101,GW
29.632,GW
28.922,GW
28.487,GW
28.636,GW
30.45,GW
32.638,GW
34.546,GW
37.561,GW
39.405,GW
40.896,GW
42.196,GW
42.907,GW
42.435,GW
41.602,GW
41.253,GW
40.818,GW
39.91,GW
38.984,GW
38.809,GW
39.618,GW
37.263,GW
34.816,GW
32.739,GW
30.707,GW
29.292,GW
28.455,GW
27.804,GW
27.301,GW
27.402,GW
27.987,GW
28.877,GW
31.531,GW
33.716,GW
35.231,GW
36.211,GW
36.93,GW
36.747,GW
36.067,GW
35.272,GW
34.798,GW
34.469,GW
34.263,GW
34.771,GW
36.432,GW
34.481,GW
32.353,GW
30.569,GW
28.601,GW
27.197,GW
26.336,GW
25.759,GW
25.464,GW
25.658,GW
25.575,GW
25.794,GW
27.715,GW
29.655,GW
31.256,GW
32.463,GW
33.66,GW
34.078,GW
33.284,GW
32.587,GW
32.274,GW
32.255,GW
32.269,GW
33.431,GW
35.642,GW
34.708,GW
32.692,GW
30.576,GW
28.758,GW
27.579,GW
26.882,GW
26.653,GW
27.246,GW
29.582,GW
32.482,GW
34.666,GW
37.317,GW
38.898,GW
39.728,GW
41.035,GW
41.702,GW
41.474,GW
41.314,GW
41.354,GW
40.995,GW
40.093,GW
39.246,GW
39.391,GW
40.753,GW
38.012,GW
35.262,GW
33.276,GW
31.471,GW
30.181,GW
29.514,GW
29.136,GW
29.28,GW
31.172,GW
33.64,GW
35.485,GW
38.263,GW
40.017,GW
41.459,GW
42.868,GW
43.583,GW
43.169,GW
42.976,GW
42.913,GW
42.672,GW
41.572,GW
40.403,GW
40.391,GW
41.465,GW
38.598,GW
35.778,GW
33.872,GW
32.048,GW
30.69,GW
29.944,GW
29.528,GW
29.748,GW
31.687,GW
34.141,GW
35.972,GW
38.726,GW
40.313,GW
41.768,GW
43.174,GW
43.779,GW
43.313,GW
43.051,GW
42.913,GW
42.613,GW
41.597,GW
40.506,GW
40.671,GW
41.617,GW
38.824,GW
35.954,GW
34.085,GW
32.129,GW
30.729,GW
30.034,GW
29.643,GW
29.825,GW
31.674,GW
34.072,GW
35.758,GW
38.215,GW
39.416,GW
40.392,GW
41.407,GW
42.02,GW
41.353,GW
41.137,GW
40.97,GW
40.684,GW
39.966,GW
39.108,GW
39.506,GW
40.612,GW
37.704,GW
34.649,GW
32.95,GW
31.131,GW
29.88,GW
29.322,GW
28.994,GW
29.14,GW
30.937,GW
33.278,GW
34.829,GW
37.344,GW
38.537,GW
39.424,GW
40.28,GW
40.661,GW
39.917,GW
39.484,GW
39.297,GW
39.034,GW
38.173,GW
37.504,GW
37.93,GW
38.868,GW
36.166,GW
33.629,GW
32.087,GW
30.443,GW
29.031,GW
28.161,GW
27.77,GW
27.46,GW
27.576,GW
28.212,GW
28.888,GW
31.244,GW
33.085,GW
34.021,GW
34.647,GW
35.06,GW
34.663,GW
33.56,GW
32.983,GW
32.751,GW
32.537,GW
32.57,GW
33.502,GW
35.174,GW
33.219,GW
31.181,GW
29.61,GW
27.924,GW
26.785,GW
25.977,GW
25.474,GW
25.205,GW
25.526,GW
25.708,GW
25.724,GW
27.53,GW
29.204,GW
30.451,GW
31.261,GW
32.041,GW
32.081,GW
31.066,GW
30.531,GW
30.118,GW
30.068,GW
30.421,GW
31.92,GW
34.197,GW
33.02,GW
31.11,GW
29.177,GW
27.882,GW
26.879,GW
26.402,GW
26.295,GW
26.792,GW
28.959,GW
31.801,GW
33.575,GW
35.917,GW
37.28,GW
38.177,GW
39.153,GW
39.407,GW
38.729,GW
38.258,GW
38.162,GW
37.956,GW
37.459,GW
36.918,GW
38.046,GW
38.9,GW
35.859,GW
32.953,GW
31.508,GW
29.933,GW
28.771,GW
28.41,GW
27.963,GW
28.175,GW
30.159,GW
33.038,GW
34.699,GW
36.77,GW
37.713,GW
38.118,GW
38.551,GW
38.364,GW
37.584,GW
37.191,GW
36.975,GW
36.851,GW
36.151,GW
35.964,GW
37.502,GW
38.385,GW
35.195,GW
32.326,GW
30.748,GW
29.065,GW
28.148,GW
27.448,GW
27.265,GW
27.355,GW
28.813,GW
31.392,GW
32.807,GW
34.625,GW
35.697,GW
36.271,GW
37.101,GW
37.23,GW
36.312,GW
35.56,GW
35.367,GW
35.408,GW
34.938,GW
34.895,GW
36.412,GW
37.69,GW
34.815,GW
32.123,GW
30.429,GW
28.877,GW
27.726,GW
27.198,GW
27.22,GW
27.437,GW
29.452,GW
32.424,GW
34.19,GW
36.227,GW
37.423,GW
37.925,GW
38.527,GW
38.629,GW
37.882,GW
37.51,GW
37.331,GW
37.279,GW
36.768,GW
36.585,GW
37.95,GW
38.381,GW
35.218,GW
32.516,GW
30.796,GW
28.961,GW
27.951,GW
27.474,GW
27.219,GW
27.509,GW
29.333,GW
32.33,GW
34.062,GW
36.27,GW
37.414,GW
37.821,GW
38.425,GW
38.406,GW
37.333,GW
36.586,GW
36.265,GW
36.189,GW
35.739,GW
35.582,GW
36.819,GW
37.51,GW
34.478,GW
32.014,GW
30.442,GW
28.803,GW
27.623,GW
26.872,GW
26.383,GW
26.031,GW
26.262,GW
26.947,GW
27.708,GW
30.054,GW
32.183,GW
33.135,GW
33.804,GW
34.109,GW
33.368,GW
31.98,GW
31.075,GW
30.727,GW
30.583,GW
30.938,GW
32.716,GW
34.135,GW
32.022,GW
30.008,GW
28.261,GW
26.553,GW
25.495,GW
24.776,GW
24.227,GW
24.056,GW
24.363,GW
24.738,GW
24.981,GW
26.851,GW
28.843,GW
30.092,GW
30.943,GW
31.647,GW
31.412,GW
30.203,GW
29.473,GW
29.117,GW
29.073,GW
29.547,GW
31.814,GW
33.688,GW
32.198,GW
30.185,GW
28.197,GW
26.728,GW
25.772,GW
25.32,GW
25.387,GW
25.963,GW
28.473,GW
32.276,GW
34.501,GW
36.617,GW
38.076,GW
38.778,GW
39.602,GW
39.567,GW
38.705,GW
38.409,GW
38.33,GW
38.374,GW
37.664,GW
37.208,GW
38.845,GW
39.055,GW
35.541,GW
32.68,GW
30.954,GW
29.376,GW
28.286,GW
27.74,GW
27.603,GW
28.036,GW
30.198,GW
33.641,GW
35.426,GW
37.049,GW
38.045,GW
38.977,GW
40.156,GW
40.139,GW
39.226,GW
39.038,GW
39.034,GW
38.82,GW
38.003,GW
37.678,GW
39.234,GW
39.442,GW
35.883,GW
32.941,GW
31.075,GW
29.371,GW
28.221,GW
27.626,GW
27.578,GW
27.841,GW
30.007,GW
33.43,GW
35.384,GW
37.366,GW
38.487,GW
39.155,GW
40.042,GW
40.182,GW
39.376,GW
39.106,GW
38.908,GW
38.984,GW
38.128,GW
37.7,GW
39.403,GW
39.423,GW
35.815,GW
32.97,GW
31.092,GW
29.343,GW
28.248,GW
27.934,GW
27.679,GW
27.983,GW
30.179,GW
33.679,GW
35.655,GW
37.449,GW
38.394,GW
39.138,GW
40.153,GW
40.386,GW
39.54,GW
39.233,GW
38.996,GW
38.959,GW
38.158,GW
37.81,GW
39.483,GW
39.43,GW
35.977,GW
33.143,GW
31.153,GW
29.527,GW
28.409,GW
27.914,GW
27.704,GW
28.039,GW
30.189,GW
33.781,GW
35.611,GW
37.54,GW
38.797,GW
39.364,GW
40.013,GW
39.915,GW
38.962,GW
38.299,GW
37.804,GW
37.398,GW
36.79,GW
36.512,GW
38.194,GW
38.134,GW
34.883,GW
32.414,GW
30.893,GW
29.208,GW
27.892,GW
27.259,GW
26.882,GW
26.478,GW
26.822,GW
27.888,GW
28.8,GW
31.275,GW
33.262,GW
34.13,GW
34.655,GW
34.992,GW
34.069,GW
32.625,GW
31.69,GW
31.376,GW
31.146,GW
31.373,GW
33.528,GW
34.26,GW
32.039,GW
30.004,GW
28.079,GW
26.55,GW
25.382,GW
24.588,GW
24.277,GW
24.098,GW
24.486,GW
24.818,GW
25.08,GW
27.032,GW
28.814,GW
30.151,GW
30.889,GW
31.354,GW
30.965,GW
29.589,GW
28.7,GW
28.498,GW
28.529,GW
29.174,GW
31.965,GW
33.35,GW
31.655,GW
29.68,GW
27.723,GW
26.334,GW
25.334,GW
24.866,GW
24.917,GW
25.44,GW
27.981,GW
31.834,GW
33.779,GW
35.618,GW
36.853,GW
37.433,GW
38.106,GW
38.112,GW
37.159,GW
36.786,GW
36.557,GW
36.499,GW
36.112,GW
35.978,GW
38.395,GW
38.309,GW
34.841,GW
32.051,GW
30.291,GW
28.666,GW
27.635,GW
27.212,GW
27.186,GW
27.561,GW
29.481,GW
32.869,GW
34.437,GW
36.184,GW
37.254,GW
38.09,GW
38.982,GW
39.209,GW
38.248,GW
37.994,GW
37.98,GW
37.904,GW
37.34,GW
37.062,GW
39.196,GW
39.017,GW
35.576,GW
32.578,GW
30.895,GW
29.214,GW
28.093,GW
27.575,GW
27.648,GW
27.956,GW
30.055,GW
33.731,GW
35.35,GW
37.122,GW
38.081,GW
38.857,GW
39.613,GW
39.382,GW
38.54,GW
38.183,GW
37.989,GW
37.92,GW
37.255,GW
37.168,GW
39.354,GW
39.044,GW
35.46,GW
32.56,GW
30.777,GW
29.211,GW
28.146,GW
27.747,GW
27.518,GW
27.871,GW
29.969,GW
33.529,GW
35.29,GW
36.878,GW
37.79,GW
38.407,GW
39.193,GW
39.383,GW
38.633,GW
38.456,GW
38.427,GW
38.34,GW
37.616,GW
37.4,GW
39.658,GW
39.405,GW
35.86,GW
32.891,GW
31.159,GW
29.605,GW
28.462,GW
27.97,GW
27.605,GW
27.972,GW
30.056,GW
33.477,GW
35.151,GW
37.079,GW
38.137,GW
38.78,GW
39.562,GW
39.782,GW
38.849,GW
38.408,GW
38.054,GW
37.808,GW
36.951,GW
36.648,GW
38.327,GW
37.896,GW
34.612,GW
32.057,GW
30.543,GW
28.95,GW
27.642,GW
26.95,GW
26.442,GW
26.176,GW
26.588,GW
27.684,GW
28.629,GW
31.031,GW
32.874,GW
33.714,GW
34.156,GW
34.516,GW
33.804,GW
32.606,GW
31.805,GW
31.424,GW
31.219,GW
31.415,GW
33.662,GW
34.073,GW
31.685,GW
29.739,GW
27.831,GW
26.234,GW
25.01,GW
24.18,GW
23.74,GW
23.672,GW
24.017,GW
24.447,GW
24.674,GW
26.525,GW
28.505,GW
29.699,GW
30.625,GW
31.384,GW
31.279,GW
30.153,GW
29.489,GW
29.227,GW
29.342,GW
29.943,GW
33.047,GW
33.79,GW
31.838,GW
29.744,GW
27.826,GW
26.388,GW
25.441,GW
24.992,GW
24.987,GW
25.638,GW
28.302,GW
32.278,GW
34.289,GW
36.092,GW
37.272,GW
38.015,GW
39.015,GW
39.207,GW
38.447,GW
38.157,GW
38.157,GW
38.099,GW
37.314,GW
37.173,GW
39.491,GW
38.691,GW
35.107,GW
32.182,GW
30.45,GW
28.76,GW
27.766,GW
27.279,GW
27.143,GW
27.642,GW
29.926,GW
33.691,GW
35.748,GW
37.414,GW
38.505,GW
39.098,GW
39.864,GW
39.792,GW
38.971,GW
38.534,GW
38.545,GW
38.608,GW
37.811,GW
37.636,GW
40.009,GW
39.289,GW
35.789,GW
32.863,GW
30.966,GW
29.358,GW
28.326,GW
27.612,GW
27.405,GW
27.787,GW
29.959,GW
33.477,GW
35.448,GW
37.012,GW
37.665,GW
38.315,GW
39.188,GW
39.16,GW
38.288,GW
37.962,GW
37.703,GW
37.518,GW
36.788,GW
36.57,GW
39.167,GW
38.437,GW
34.945,GW
32.204,GW
30.463,GW
28.938,GW
27.969,GW
27.373,GW
27.184,GW
27.512,GW
29.561,GW
33.08,GW
34.965,GW
36.479,GW
37.099,GW
37.606,GW
38.317,GW
38.271,GW
37.543,GW
37.253,GW
37.097,GW
36.882,GW
36.441,GW
36.379,GW
38.881,GW
38.17,GW
34.688,GW
32.003,GW
30.358,GW
28.792,GW
27.756,GW
27.27,GW
27.188,GW
27.413,GW
29.584,GW
33.267,GW
35.019,GW
36.628,GW
37.687,GW
38.258,GW
38.924,GW
38.9,GW
37.879,GW
37.245,GW
36.956,GW
36.742,GW
36.012,GW
35.88,GW
37.988,GW
37.164,GW
34.04,GW
31.678,GW
30.291,GW
28.499,GW
27.255,GW
26.494,GW
26.113,GW
25.926,GW
26.374,GW
27.593,GW
28.506,GW
30.808,GW
32.624,GW
33.388,GW
33.784,GW
34.181,GW
33.26,GW
31.935,GW
31.147,GW
30.677,GW
30.426,GW
30.965,GW
33.539,GW
33.471,GW
31.2,GW
29.038,GW
27.525,GW
26.028,GW
24.74,GW
24.143,GW
23.75,GW
23.735,GW
23.947,GW
24.534,GW
24.826,GW
26.798,GW
28.836,GW
30.085,GW
30.718,GW
31.499,GW
31.018,GW
29.708,GW
28.913,GW
28.579,GW
28.507,GW
29.566,GW
32.927,GW
33.183,GW
31.407,GW
29.375,GW
27.65,GW
26.201,GW
25.294,GW
24.995,GW
25.031,GW
25.613,GW
28.224,GW
32.32,GW
34.395,GW
35.947,GW
36.834,GW
37.556,GW
38.332,GW
38.464,GW
37.617,GW
37.241,GW
37.144,GW
37.052,GW
36.385,GW
36.664,GW
39.06,GW
38.34,GW
34.717,GW
31.864,GW
30.05,GW
28.444,GW
27.433,GW
27.109,GW
26.825,GW
27.315,GW
29.563,GW
33.306,GW
35.104,GW
36.667,GW
37.482,GW
38.382,GW
39.268,GW
39.668,GW
38.812,GW
38.302,GW
38.239,GW
38.219,GW
37.498,GW
37.582,GW
40.007,GW
38.826,GW
35.2,GW
32.269,GW
30.488,GW
28.832,GW
27.609,GW
27.256,GW
27.091,GW
27.351,GW
29.293,GW
32.636,GW
34.505,GW
35.859,GW
36.725,GW
37.251,GW
38.213,GW
38.195,GW
37.376,GW
36.913,GW
36.703,GW
36.568,GW
35.976,GW
36.198,GW
38.695,GW
37.749,GW
34.566,GW
31.726,GW
30.097,GW
28.591,GW
27.582,GW
27.158,GW
26.961,GW
27.345,GW
29.633,GW
33.123,GW
35.133,GW
36.662,GW
37.472,GW
37.88,GW
38.556,GW
38.662,GW
37.849,GW
37.49,GW
37.39,GW
37.34,GW
36.628,GW
36.956,GW
39.335,GW
38.3,GW
34.872,GW
32.246,GW
30.552,GW
29.067,GW
28.041,GW
27.345,GW
26.96,GW
27.333,GW
29.284,GW
32.963,GW
34.915,GW
36.268,GW
37.12,GW
37.671,GW
38.347,GW
38.215,GW
37.368,GW
36.709,GW
36.401,GW
36.208,GW
35.626,GW
36.135,GW
38.187,GW
37.038,GW
34.063,GW
31.599,GW
30.011,GW
28.261,GW
26.97,GW
26.145,GW
25.815,GW
25.279,GW
25.515,GW
26.451,GW
27.272,GW
29.496,GW
31.348,GW
32.13,GW
32.517,GW
32.808,GW
32.2,GW
30.919,GW
29.974,GW
29.672,GW
29.455,GW
30.404,GW
33.169,GW
33.038,GW
30.99,GW
29.354,GW
27.575,GW
26.078,GW
24.839,GW
23.986,GW
23.679,GW
23.596,GW
24.017,GW
24.69,GW
24.853,GW
26.546,GW
28.515,GW
29.7,GW
30.41,GW
31.158,GW
30.934,GW
29.482,GW
28.688,GW
28.296,GW
28.385,GW
29.996,GW
33.057,GW
33.066,GW
31.308,GW
29.311,GW
27.509,GW
26.173,GW
25.209,GW
24.848,GW
24.682,GW
25.404,GW
28.248,GW
32.6,GW
35.035,GW
36.651,GW
37.573,GW
38.145,GW
38.632,GW
38.466,GW
37.188,GW
36.542,GW
36.525,GW
36.39,GW
35.917,GW
36.606,GW
38.837,GW
37.603,GW
34.116,GW
31.289,GW
29.547,GW
28.023,GW
27.059,GW
26.623,GW
26.444,GW
26.961,GW
29.043,GW
32.822,GW
34.91,GW
36.256,GW
36.883,GW
37.133,GW
37.612,GW
37.391,GW
36.268,GW
35.803,GW
35.571,GW
35.479,GW
35.049,GW
36.188,GW
38.8,GW
37.614,GW
34.471,GW
31.431,GW
29.608,GW
28.017,GW
26.994,GW
26.487,GW
26.35,GW
26.739,GW
29.014,GW
33.096,GW
35.367,GW
36.53,GW
37.222,GW
37.518,GW
38.004,GW
37.855,GW
36.854,GW
36.53,GW
36.262,GW
36.126,GW
35.734,GW
36.999,GW
39.464,GW
38.255,GW
34.842,GW
31.84,GW
30.075,GW
28.328,GW
27.394,GW
26.91,GW
26.663,GW
26.955,GW
29.059,GW
32.99,GW
35.321,GW
36.8,GW
37.435,GW
37.836,GW
38.332,GW
38.156,GW
37.176,GW
36.587,GW
36.511,GW
36.463,GW
36.006,GW
37.158,GW
39.385,GW
38.064,GW
34.763,GW
31.962,GW
30.048,GW
28.401,GW
27.315,GW
26.813,GW
26.599,GW
26.936,GW
29.124,GW
32.638,GW
34.903,GW
36.212,GW
36.978,GW
37.316,GW
37.589,GW
37.363,GW
36.256,GW
35.623,GW
35.154,GW
35.007,GW
34.72,GW
35.814,GW
37.906,GW
36.656,GW
33.808,GW
31.475,GW
29.65,GW
28.023,GW
26.699,GW
26.079,GW
25.67,GW
25.438,GW
25.993,GW
27.319,GW
28.476,GW
30.544,GW
32.478,GW
33.276,GW
33.774,GW
34.039,GW
33.296,GW
31.764,GW
30.911,GW
30.535,GW
30.646,GW
32.183,GW
34.463,GW
33.809,GW
31.366,GW
29.487,GW
27.64,GW
25.944,GW
24.793,GW
24.075,GW
23.556,GW
23.538,GW
23.876,GW
24.631,GW
25.073,GW
26.603,GW
28.749,GW
29.956,GW
30.583,GW
31.128,GW
30.634,GW
28.803,GW
27.879,GW
27.567,GW
27.996,GW
29.965,GW
33.051,GW
32.901,GW
31.02,GW
29.065,GW
27.042,GW
25.565,GW
24.659,GW
24.249,GW
24.271,GW
24.945,GW
27.805,GW
32.203,GW
35.186,GW
36.34,GW
37.38,GW
37.716,GW
37.971,GW
37.411,GW
36.396,GW
35.762,GW
35.357,GW
35.374,GW
35.323,GW
36.996,GW
39.514,GW
38.335,GW
34.829,GW
31.91,GW
29.789,GW
27.88,GW
26.81,GW
26.284,GW
26.182,GW
26.649,GW
29.029,GW
33.325,GW
36.392,GW
37.842,GW
38.423,GW
38.779,GW
39.141,GW
38.76,GW
37.751,GW
37.283,GW
36.894,GW
36.819,GW
36.646,GW
38.214,GW
40.453,GW
39.229,GW
35.692,GW
32.654,GW
30.183,GW
28.278,GW
27.063,GW
26.428,GW
26.497,GW
26.911,GW
29.249,GW
33.467,GW
36.775,GW
38.166,GW
38.751,GW
39.086,GW
39.567,GW
39.297,GW
38.241,GW
37.65,GW
37.202,GW
37.046,GW
36.914,GW
38.659,GW
40.925,GW
39.646,GW
36.162,GW
33.143,GW
30.682,GW
28.824,GW
27.65,GW
27.075,GW
26.922,GW
27.316,GW
29.69,GW
33.816,GW
36.891,GW
37.977,GW
38.598,GW
38.769,GW
38.961,GW
38.299,GW
37.273,GW
36.789,GW
36.456,GW
36.193,GW
35.901,GW
37.791,GW
40.383,GW
39.518,GW
36.344,GW
33.336,GW
30.985,GW
28.95,GW
27.693,GW
27.135,GW
26.842,GW
27.224,GW
29.599,GW
33.896,GW
36.883,GW
38.035,GW
38.511,GW
38.485,GW
38.535,GW
38.016,GW
36.879,GW
36.298,GW
35.802,GW
35.496,GW
35.161,GW
36.662,GW
38.787,GW
37.926,GW
34.905,GW
32.375,GW
30.427,GW
28.412,GW
26.831,GW
25.97,GW
25.62,GW
25.406,GW
25.976,GW
27.432,GW
29.128,GW
31.37,GW
32.988,GW
33.22,GW
33.252,GW
33.351,GW
32.606,GW
31.212,GW
30.358,GW
30.049,GW
30.043,GW
31.905,GW
34.117,GW
33.824,GW
31.69,GW
29.876,GW
28.007,GW
26.137,GW
24.867,GW
24.115,GW
23.495,GW
23.251,GW
23.362,GW
23.856,GW
24.323,GW
25.52,GW
27.947,GW
29.43,GW
30.004,GW
30.122,GW
30.753,GW
30.279,GW
28.934,GW
28.162,GW
28.263,GW
30.319,GW
32.726,GW
33.491,GW
33.084,GW
31.329,GW
28.857,GW
26.923,GW
25.675,GW
24.895,GW
24.626,GW
24.764,GW
25.529,GW
28.423,GW
32.18,GW
34.896,GW
36.473,GW
37.166,GW
37.479,GW
37.902,GW
37.818,GW
36.833,GW
36.651,GW
36.341,GW
36.5,GW
38.011,GW
39.619,GW
39.817,GW
38.237,GW
34.741,GW
31.847,GW
29.762,GW
28.189,GW
27.172,GW
26.739,GW
26.75,GW
27.157,GW
29.626,GW
33.183,GW
35.659,GW
37.267,GW
37.921,GW
38.094,GW
38.424,GW
38.343,GW
37.311,GW
36.849,GW
36.731,GW
36.878,GW
38.314,GW
39.63,GW
39.762,GW
38.279,GW
35.004,GW
32.027,GW
29.995,GW
28.355,GW
27.265,GW
26.797,GW
26.723,GW
27.221,GW
29.672,GW
33.29,GW
35.53,GW
37.057,GW
37.728,GW
38.032,GW
38.574,GW
38.459,GW
37.606,GW
37.363,GW
36.936,GW
37.058,GW
38.513,GW
39.378,GW
39.271,GW
37.786,GW
34.765,GW
32.038,GW
30.176,GW
28.586,GW
27.357,GW
26.86,GW
26.644,GW
27.04,GW
29.423,GW
32.574,GW
34.952,GW
36.795,GW
37.376,GW
37.71,GW
38.328,GW
38.33,GW
37.258,GW
36.587,GW
36.182,GW
36.14,GW
37.41,GW
38.232,GW
37.645,GW
36.318,GW
33.63,GW
31.374,GW
29.73,GW
28.156,GW
26.761,GW
25.942,GW
25.587,GW
25.283,GW
25.575,GW
26.016,GW
26.537,GW
28.736,GW
30.291,GW
30.995,GW
31.475,GW
32.115,GW
31.564,GW
30.181,GW
29.317,GW
29.074,GW
31.216,GW
32.558,GW
33.031,GW
32.44,GW
30.818,GW
29.05,GW
27.48,GW
25.841,GW
24.703,GW
24.045,GW
23.848,GW
23.822,GW
24.641,GW
25.534,GW
26.782,GW
29.531,GW
31.198,GW
31.757,GW
31.963,GW
32.705,GW
32.095,GW
30.553,GW
29.812,GW
29.793,GW
31.922,GW
33.045,GW
33.418,GW
32.814,GW
30.88,GW
29.068,GW
27.45,GW
25.527,GW
24.341,GW
23.701,GW
23.401,GW
23.322,GW
23.655,GW
23.894,GW
24.638,GW
26.814,GW
28.543,GW
29.596,GW
30.011,GW
30.52,GW
30.243,GW
28.678,GW
27.855,GW
27.964,GW
30.447,GW
32.336,GW
33.175,GW
32.907,GW
31.261,GW
29.085,GW
27.291,GW
25.957,GW
25.055,GW
24.546,GW
24.587,GW
25.32,GW
28.212,GW
31.909,GW
34.537,GW
36.738,GW
37.748,GW
38.188,GW
38.611,GW
38.405,GW
37.468,GW
36.952,GW
36.463,GW
36.581,GW
38.089,GW
39.331,GW
39.537,GW
38.061,GW
34.96,GW
32.113,GW
30.121,GW
28.414,GW
27.299,GW
26.666,GW
26.556,GW
27.096,GW
29.721,GW
33.441,GW
35.72,GW
37.5,GW
38.096,GW
38.322,GW
38.81,GW
38.685,GW
37.71,GW
37.196,GW
36.747,GW
36.768,GW
38.691,GW
39.888,GW
40.205,GW
38.689,GW
35.579,GW
32.461,GW
30.378,GW
28.675,GW
27.47,GW
27,GW
26.88,GW
27.526,GW
30.071,GW
33.782,GW
36.098,GW
37.786,GW
38.264,GW
38.401,GW
38.718,GW
38.523,GW
37.442,GW
37.031,GW
36.798,GW
37.01,GW
38.811,GW
40.125,GW
40.611,GW
39.154,GW
36.001,GW
32.907,GW
30.993,GW
29.096,GW
27.909,GW
27.363,GW
27.296,GW
27.764,GW
30.526,GW
34.261,GW
36.509,GW
38.349,GW
38.958,GW
39.05,GW
39.36,GW
39.233,GW
38.068,GW
37.783,GW
37.553,GW
37.853,GW
39.812,GW
41.089,GW
41.382,GW
39.775,GW
36.653,GW
33.819,GW
31.562,GW
29.617,GW
28.454,GW
27.917,GW
27.796,GW
28.408,GW
30.895,GW
34.786,GW
37.421,GW
39.352,GW
39.781,GW
39.852,GW
40.025,GW
39.506,GW
38.423,GW
37.833,GW
37.499,GW
37.588,GW
39.633,GW
40.715,GW
40.671,GW
39.272,GW
36.553,GW
34.036,GW
31.581,GW
29.585,GW
27.974,GW
27.123,GW
26.783,GW
26.623,GW
27.261,GW
28.423,GW
29.938,GW
32.966,GW
34.806,GW
35.325,GW
35.252,GW
35.466,GW
34.721,GW
33.671,GW
32.945,GW
33.126,GW
35.277,GW
36.445,GW
36.643,GW
35.879,GW
33.98,GW
31.623,GW
29.166,GW
27.08,GW
25.669,GW
24.851,GW
24.451,GW
24.486,GW
24.837,GW
25.381,GW
26.029,GW
28.498,GW
30.711,GW
31.845,GW
32.116,GW
32.648,GW
32.408,GW
31.209,GW
30.359,GW
30.667,GW
33.24,GW
35.075,GW
36.13,GW
35.681,GW
34.364,GW
31.912,GW
29.309,GW
27.607,GW
26.522,GW
25.908,GW
25.855,GW
26.783,GW
29.823,GW
34.475,GW
37.619,GW
39.918,GW
41.084,GW
41.24,GW
41.417,GW
41.101,GW
39.91,GW
39.388,GW
39.048,GW
39.348,GW
41.094,GW
42.344,GW
42.776,GW
41.457,GW
38.307,GW
34.855,GW
32.114,GW
30.001,GW
28.73,GW
28.127,GW
27.939,GW
28.694,GW
31.179,GW
35.723,GW
38.607,GW
40.549,GW
41.085,GW
41.006,GW
40.959,GW
40.623,GW
39.515,GW
39.276,GW
38.99,GW
39.348,GW
41.711,GW
42.9,GW
43.336,GW
41.922,GW
38.734,GW
35.22,GW
32.583,GW
30.369,GW
28.89,GW
28.365,GW
28.189,GW
28.78,GW
31.481,GW
36.107,GW
38.69,GW
40.528,GW
41.299,GW
41.469,GW
41.21,GW
40.707,GW
39.541,GW
39.06,GW
38.587,GW
38.923,GW
41.415,GW
42.569,GW
43.124,GW
41.278,GW
38.322,GW
35.018,GW
32.296,GW
30.109,GW
28.854,GW
28.219,GW
28.021,GW
28.75,GW
31.5,GW
35.846,GW
38.607,GW
40.781,GW
41.723,GW
42.29,GW
42.637,GW
42.363,GW
41.199,GW
41.063,GW
40.73,GW
41.123,GW
43.037,GW
44.006,GW
44.383,GW
42.709,GW
39.507,GW
35.997,GW
33.204,GW
30.947,GW
29.279,GW
28.671,GW
28.387,GW
29.166,GW
32.205,GW
36.714,GW
39.43,GW
41.562,GW
42.592,GW
42.497,GW
42.472,GW
41.914,GW
40.586,GW
40.038,GW
40.005,GW
40.478,GW
42.592,GW
43.285,GW
43.011,GW
41.645,GW
38.843,GW
35.893,GW
33.453,GW
30.99,GW
29.138,GW
28.014,GW
27.629,GW
27.637,GW
28.283,GW
29.715,GW
31.473,GW
34.783,GW
36.913,GW
37.24,GW
36.942,GW
36.871,GW
36.031,GW
34.885,GW
34.065,GW
34.503,GW
37.107,GW
38.46,GW
39.031,GW
38.431,GW
36.313,GW
33.868,GW
31.327,GW
28.8,GW
26.948,GW
25.953,GW
25.565,GW
25.445,GW
25.998,GW
26.786,GW
27.337,GW
29.982,GW
32.741,GW
34.383,GW
35.067,GW
35.848,GW
35.472,GW
33.984,GW
33.028,GW
33.338,GW
35.788,GW
37.45,GW
38.524,GW
38.068,GW
36.28,GW
33.608,GW
30.572,GW
28.302,GW
26.807,GW
26.187,GW
26.326,GW
27.395,GW
30.795,GW
35.96,GW
39.367,GW
41.632,GW
42.327,GW
42.201,GW
41.947,GW
41.951,GW
40.926,GW
40.565,GW
40.217,GW
40.817,GW
43.244,GW
44.39,GW
44.782,GW
43.432,GW
40.255,GW
36.518,GW
33.346,GW
30.967,GW
29.581,GW
28.874,GW
28.759,GW
29.498,GW
32.508,GW
37.555,GW
40.824,GW
43.127,GW
43.705,GW
43.514,GW
43.155,GW
42.933,GW
41.998,GW
41.705,GW
41.535,GW
42.358,GW
44.659,GW
45.518,GW
45.92,GW
44.341,GW
40.89,GW
37.061,GW
34.092,GW
31.657,GW
29.94,GW
29.221,GW
29.137,GW
29.793,GW
32.71,GW
37.803,GW
41.044,GW
42.884,GW
43.719,GW
43.853,GW
43.959,GW
43.491,GW
42.567,GW
42.308,GW
42.191,GW
42.823,GW
44.614,GW
45.375,GW
45.396,GW
43.944,GW
40.754,GW
37.057,GW
34.005,GW
31.398,GW
29.917,GW
29.321,GW
29.216,GW
29.914,GW
32.818,GW
37.657,GW
40.775,GW
42.836,GW
43.619,GW
43.568,GW
43.669,GW
43.321,GW
42.323,GW
41.932,GW
41.674,GW
42.19,GW
44.248,GW
44.69,GW
45.179,GW
43.982,GW
40.893,GW
37.174,GW
34.187,GW
31.658,GW
29.943,GW
29.409,GW
29.352,GW
29.931,GW
32.894,GW
37.789,GW
40.801,GW
43.137,GW
44.282,GW
44.304,GW
44.357,GW
43.874,GW
42.452,GW
41.894,GW
41.462,GW
41.738,GW
43.227,GW
43.49,GW
43.353,GW
42,GW
39.356,GW
36.231,GW
33.342,GW
30.906,GW
29.169,GW
28.164,GW
27.729,GW
27.446,GW
28.008,GW
29.445,GW
31.055,GW
34.261,GW
36.478,GW
36.825,GW
36.782,GW
36.909,GW
36.022,GW
34.664,GW
33.733,GW
33.954,GW
36.506,GW
37.664,GW
38.147,GW
37.607,GW
35.939,GW
33.576,GW
30.944,GW
28.508,GW
26.782,GW
25.844,GW
25.359,GW
25.25,GW
25.579,GW
26.282,GW
27.003,GW
29.508,GW
32.11,GW
33.111,GW
33.375,GW
33.912,GW
33.684,GW
32.428,GW
31.836,GW
32.347,GW
35.286,GW
37.018,GW
38.216,GW
37.868,GW
36.198,GW
33.463,GW
30.398,GW
28.326,GW
27.074,GW
26.463,GW
26.413,GW
27.391,GW
30.738,GW
35.833,GW
39.083,GW
40.87,GW
41.545,GW
41.331,GW
41.502,GW
41.293,GW
40.284,GW
40.008,GW
39.809,GW
40.522,GW
42.495,GW
43.053,GW
43.433,GW
42.075,GW
39.011,GW
35.517,GW
32.678,GW
30.471,GW
29.097,GW
28.447,GW
28.363,GW
29.016,GW
31.939,GW
36.915,GW
39.592,GW
41.241,GW
41.784,GW
41.767,GW
41.705,GW
41.631,GW
40.558,GW
40.083,GW
39.626,GW
40.475,GW
42.184,GW
42.989,GW
43.158,GW
41.818,GW
39.022,GW
35.523,GW
32.868,GW
30.638,GW
28.972,GW
28.204,GW
28.021,GW
28.626,GW
31.549,GW
36.245,GW
38.836,GW
40.448,GW
40.872,GW
40.779,GW
40.85,GW
40.627,GW
39.652,GW
39.368,GW
39.026,GW
39.65,GW
41.626,GW
42.09,GW
42.77,GW
41.621,GW
38.65,GW
35.279,GW
32.551,GW
30.422,GW
28.89,GW
28.258,GW
28.125,GW
28.8,GW
31.495,GW
36.17,GW
38.722,GW
40.396,GW
40.985,GW
40.995,GW
41.047,GW
40.881,GW
39.803,GW
39.625,GW
39.442,GW
40.007,GW
41.769,GW
42.536,GW
42.858,GW
41.635,GW
38.782,GW
35.44,GW
32.708,GW
30.38,GW
29.076,GW
28.45,GW
28.157,GW
28.904,GW
31.457,GW
35.943,GW
38.41,GW
40.041,GW
40.75,GW
40.631,GW
40.568,GW
40.009,GW
38.876,GW
38.379,GW
38.009,GW
38.607,GW
40.416,GW
40.792,GW
40.718,GW
39.668,GW
37.352,GW
34.764,GW
32.509,GW
30.108,GW
28.538,GW
27.593,GW
26.927,GW
26.927,GW
27.547,GW
29.078,GW
30.598,GW
33.275,GW
35.061,GW
35.552,GW
35.209,GW
35.344,GW
34.578,GW
33.241,GW
32.407,GW
32.656,GW
35.205,GW
36.01,GW
36.306,GW
35.956,GW
34.22,GW
32.028,GW
29.749,GW
27.623,GW
26.23,GW
25.372,GW
24.973,GW
24.867,GW
25.384,GW
26.044,GW
26.705,GW
29.08,GW
31.545,GW
32.752,GW
33.095,GW
33.694,GW
33.414,GW
31.966,GW
31.219,GW
31.938,GW
34.422,GW
35.776,GW
37.002,GW
36.603,GW
34.991,GW
32.393,GW
29.585,GW
27.72,GW
26.381,GW
25.986,GW
25.89,GW
26.845,GW
30.083,GW
35.199,GW
38.562,GW
40.572,GW
41.311,GW
41.274,GW
41.191,GW
40.935,GW
39.987,GW
39.754,GW
39.544,GW
40.266,GW
42.181,GW
42.842,GW
43.237,GW
42.134,GW
38.719,GW
35.166,GW
32.272,GW
29.938,GW
28.373,GW
27.771,GW
27.758,GW
28.47,GW
31.301,GW
36.199,GW
39.31,GW
41.377,GW
42.132,GW
42.022,GW
41.958,GW
41.85,GW
40.912,GW
40.484,GW
40.388,GW
41.023,GW
42.885,GW
43.69,GW
44.139,GW
43.154,GW
40.016,GW
36.254,GW
33.306,GW
30.824,GW
29.103,GW
28.364,GW
28.084,GW
28.718,GW
31.756,GW
36.665,GW
39.848,GW
42.034,GW
42.89,GW
42.91,GW
42.919,GW
42.762,GW
41.611,GW
41.35,GW
41.192,GW
41.719,GW
43.41,GW
43.957,GW
44.543,GW
43.342,GW
40.089,GW
36.328,GW
33.389,GW
30.707,GW
29.235,GW
28.504,GW
28.458,GW
29.134,GW
32.074,GW
36.957,GW
40.057,GW
41.959,GW
42.803,GW
42.439,GW
42.301,GW
41.848,GW
40.705,GW
40.426,GW
40.411,GW
40.884,GW
42.499,GW
42.87,GW
43.004,GW
42.138,GW
39.574,GW
36.394,GW
33.907,GW
31.228,GW
29.327,GW
28.338,GW
27.817,GW
27.751,GW
28.3,GW
29.856,GW
31.413,GW
34.214,GW
36.363,GW
36.972,GW
36.726,GW
36.606,GW
36.189,GW
34.85,GW
34.252,GW
34.648,GW
36.849,GW
37.801,GW
38.322,GW
38.123,GW
36.919,GW
34.666,GW
32.01,GW
29.413,GW
27.639,GW
26.609,GW
26.137,GW
26.279,GW
27.212,GW
28.671,GW
30.192,GW
33.11,GW
35.312,GW
35.562,GW
35.202,GW
35.196,GW
34.676,GW
33.6,GW
32.823,GW
33.313,GW
36.078,GW
37.044,GW
37.708,GW
37.346,GW
35.741,GW
33.557,GW
31.09,GW
28.659,GW
26.816,GW
25.775,GW
25.164,GW
25.086,GW
25.536,GW
26.372,GW
27.143,GW
29.295,GW
31.905,GW
33.2,GW
33.496,GW
33.846,GW
33.594,GW
32.333,GW
31.728,GW
32.259,GW
34.623,GW
35.993,GW
37.131,GW
37.042,GW
35.719,GW
32.859,GW
30.106,GW
27.819,GW
26.531,GW
25.679,GW
25.501,GW
26.24,GW
28.797,GW
32.379,GW
34.812,GW
37.517,GW
38.939,GW
39.343,GW
39.333,GW
39.266,GW
38.602,GW
37.989,GW
37.433,GW
37.973,GW
40.181,GW
41.215,GW
41.96,GW
41.379,GW
38.661,GW
35.152,GW
32.335,GW
29.851,GW
28.316,GW
27.565,GW
27.467,GW
28.205,GW
31.184,GW
36.474,GW
40.002,GW
41.973,GW
42.521,GW
42.199,GW
42.01,GW
41.614,GW
40.752,GW
40.518,GW
40.315,GW
40.951,GW
43.07,GW
44.057,GW
44.813,GW
43.742,GW
40.559,GW
36.707,GW
33.554,GW
30.821,GW
29.366,GW
28.682,GW
28.498,GW
29.145,GW
32.132,GW
37.435,GW
40.708,GW
42.468,GW
42.971,GW
42.66,GW
42.346,GW
41.888,GW
40.913,GW
40.991,GW
40.657,GW
41.27,GW
43.423,GW
44.38,GW
45.037,GW
44.034,GW
40.855,GW
36.875,GW
33.703,GW
31.15,GW
29.539,GW
28.771,GW
28.554,GW
29.328,GW
32.377,GW
37.468,GW
40.915,GW
42.741,GW
43.532,GW
43.618,GW
43.56,GW
43.522,GW
42.854,GW
42.728,GW
42.734,GW
43.559,GW
45.057,GW
45.561,GW
45.761,GW
44.443,GW
41.226,GW
37.427,GW
34.34,GW
31.66,GW
29.989,GW
29.006,GW
28.946,GW
29.615,GW
32.552,GW
37.459,GW
40.395,GW
41.928,GW
42.571,GW
42.541,GW
42.342,GW
42.242,GW
40.85,GW
40.234,GW
40.074,GW
40.509,GW
41.936,GW
42.342,GW
42.206,GW
41.319,GW
38.67,GW
35.643,GW
33.21,GW
30.822,GW
29.013,GW
27.935,GW
27.454,GW
27.3,GW
27.872,GW
29.497,GW
31.277,GW
34.013,GW
36.15,GW
36.529,GW
36.386,GW
36.471,GW
35.799,GW
34.621,GW
33.858,GW
34.443,GW
36.886,GW
37.662,GW
38.104,GW
37.533,GW
35.945,GW
33.598,GW
30.888,GW
28.481,GW
26.675,GW
25.678,GW
25.133,GW
25.01,GW
25.728,GW
26.833,GW
27.699,GW
29.815,GW
32.462,GW
33.689,GW
33.914,GW
34.512,GW
34.277,GW
32.982,GW
32.308,GW
32.726,GW
35.414,GW
36.893,GW
38.164,GW
37.967,GW
36.46,GW
33.616,GW
30.637,GW
28.352,GW
26.92,GW
26.244,GW
26.176,GW
27.132,GW
30.485,GW
35.9,GW
39.433,GW
41.222,GW
42.232,GW
42.597,GW
42.767,GW
42.581,GW
41.402,GW
41.062,GW
40.874,GW
41.45,GW
42.982,GW
43.513,GW
43.994,GW
42.793,GW
39.555,GW
35.925,GW
33.029,GW
30.518,GW
29.076,GW
28.367,GW
28.192,GW
29.103,GW
31.939,GW
36.799,GW
40.194,GW
41.767,GW
42.571,GW
42.556,GW
42.299,GW
42.07,GW
40.86,GW
40.484,GW
40.242,GW
40.655,GW
42.532,GW
43.372,GW
44.045,GW
43.341,GW
40.445,GW
36.481,GW
33.419,GW
30.774,GW
29.248,GW
28.521,GW
28.327,GW
28.979,GW
31.903,GW
36.883,GW
40.217,GW
41.744,GW
42.479,GW
42.658,GW
42.615,GW
42.308,GW
41.373,GW
41.136,GW
40.97,GW
41.602,GW
43.274,GW
43.827,GW
44.02,GW
42.509,GW
40.017,GW
36.263,GW
33.499,GW
30.969,GW
29.341,GW
28.186,GW
27.743,GW
28.631,GW
31.522,GW
36.348,GW
39.341,GW
41.127,GW
41.956,GW
42.4,GW
42.764,GW
42.962,GW
41.742,GW
41.409,GW
41.278,GW
41.577,GW
42.689,GW
42.959,GW
43.16,GW
41.867,GW
39.057,GW
35.411,GW
32.763,GW
30.273,GW
28.346,GW
27.594,GW
27.377,GW
27.856,GW
30.49,GW
34.852,GW
37.797,GW
39.421,GW
40.317,GW
40.562,GW
40.524,GW
40.464,GW
39.242,GW
38.633,GW
38.303,GW
38.609,GW
39.734,GW
40.018,GW
39.91,GW
38.836,GW
36.401,GW
33.608,GW
31.194,GW
28.749,GW
27.024,GW
25.969,GW
25.51,GW
25.5,GW
26.334,GW
27.776,GW
29.402,GW
32.117,GW
34.267,GW
34.698,GW
34.849,GW
34.972,GW
34.304,GW
33.033,GW
32.446,GW
32.682,GW
34.548,GW
35.349,GW
35.818,GW
35.404,GW
33.654,GW
31.34,GW
28.921,GW
26.669,GW
25.137,GW
24.151,GW
23.647,GW
23.514,GW
23.966,GW
25.043,GW
26.257,GW
28.489,GW
31.113,GW
32.098,GW
32.172,GW
32.593,GW
32.023,GW
30.568,GW
29.634,GW
29.865,GW
32.241,GW
33.431,GW
34.424,GW
34.572,GW
33.141,GW
30.69,GW
28.151,GW
25.983,GW
24.587,GW
23.665,GW
23.456,GW
24.256,GW
26.432,GW
29.688,GW
32.529,GW
35.043,GW
36.223,GW
36.172,GW
35.916,GW
36.018,GW
35.246,GW
34.388,GW
33.992,GW
34.185,GW
36.116,GW
36.604,GW
36.865,GW
36.556,GW
34.623,GW
31.758,GW
28.946,GW
26.329,GW
24.496,GW
23.493,GW
23.074,GW
23.367,GW
24.806,GW
27.195,GW
29.406,GW
31.873,GW
33.27,GW
33.385,GW
32.714,GW
32.484,GW
31.37,GW
30.252,GW
29.64,GW
30.113,GW
32.92,GW
33.527,GW
32.393,GW
30.083,GW
27.45,GW
26.356,GW
25.63,GW
24.462,GW
23.133,GW
21.872,GW
21.114,GW
20.939,GW
21.183,GW
21.728,GW
21.897,GW
23.277,GW
25.638,GW
27.323,GW
28.05,GW
28.034,GW
26.778,GW
24.84,GW
24.332,GW
24.949,GW
27.637,GW
29.015,GW
30.007,GW
30.308,GW
29.539,GW
27.413,GW
25.115,GW
23.204,GW
21.976,GW
21.264,GW
20.969,GW
21.502,GW
23.4,GW
26.228,GW
28.935,GW
31.484,GW
33.43,GW
33.986,GW
34.021,GW
34.264,GW
33.35,GW
32.153,GW
31.576,GW
32.096,GW
34.361,GW
35.27,GW
35.862,GW
35.538,GW
33.663,GW
30.855,GW
28.353,GW
26.04,GW
24.64,GW
23.841,GW
23.681,GW
24.251,GW
26.342,GW
29.324,GW
32.032,GW
34.741,GW
36.24,GW
36.465,GW
36.177,GW
36.19,GW
35.143,GW
34.067,GW
33.482,GW
33.852,GW
36.073,GW
37,GW
37.27,GW
36.758,GW
34.799,GW
32.098,GW
29.571,GW
27.109,GW
25.516,GW
24.533,GW
24.008,GW
24.099,GW
25.005,GW
26.531,GW
28.359,GW
30.953,GW
33.27,GW
33.793,GW
33.573,GW
33.643,GW
32.971,GW
31.715,GW
31.006,GW
31.187,GW
33.784,GW
35.242,GW
36.014,GW
35.765,GW
34.118,GW
31.701,GW
29.088,GW
26.712,GW
25.036,GW
23.941,GW
23.465,GW
23.529,GW
23.987,GW
24.948,GW
25.892,GW
27.755,GW
30.148,GW
31.241,GW
31.328,GW
31.754,GW
31.419,GW
30.065,GW
29.309,GW
29.646,GW
32.375,GW
33.999,GW
35.229,GW
35.308,GW
34.05,GW
31.487,GW
28.652,GW
26.199,GW
24.777,GW
23.982,GW
23.823,GW
24.353,GW
26.326,GW
29.492,GW
32.466,GW
35.506,GW
37.147,GW
37.156,GW
36.696,GW
36.82,GW
35.918,GW
34.831,GW
34.335,GW
34.634,GW
36.851,GW
37.915,GW
38.319,GW
38.003,GW
35.929,GW
33.031,GW
30.031,GW
27.26,GW
25.415,GW
24.429,GW
24.135,GW
24.316,GW
25.801,GW
28.24,GW
30.62,GW
33.567,GW
35.643,GW
36.1,GW
35.599,GW
35.122,GW
34.014,GW
32.933,GW
32.327,GW
32.633,GW
35.636,GW
37.086,GW
36.152,GW
33.802,GW
30.949,GW
29.397,GW